bbref_id,season,Name,Age,Level,Team,G,PA,AB,R,H,X1B,X2B,X3B,HR,RBI,BB,IBB,uBB,SO,HBP,SH,SF,GDP,SB,CS,BA,OBP,SLG,OPS
semiema01,2023,Marcus Semien,32,Maj-AL,Texas,162,753,670,122,185,112,40,4,29,100,72,1,71,110,5,0,5,5,14,3,0.276,0.348,0.478,0.826
acunaro01,2023,Ronald Acuna Jr.,25,Maj-NL,Atlanta,159,735,643,149,217,137,35,4,41,106,80,3,77,84,9,0,3,15,72,14,0.338,0.416,0.596,1.012
freemfr01,2023,Freddie Freeman,33,Maj-NL,Los Angeles,161,730,637,131,211,121,59,2,29,102,72,12,60,121,16,0,5,14,23,1,0.331,0.41,0.567,0.976
bregmal01,2023,Alex Bregman,29,Maj-AL,Houston,161,724,622,103,163,106,28,4,25,98,92,1,91,87,8,0,2,22,3,1,0.262,0.363,0.441,0.804
lowena01,2023,Nathaniel Lowe,27,Maj-AL,Texas,161,724,623,89,163,105,38,3,17,82,93,2,91,165,5,0,3,22,1,0,0.262,0.361,0.414,0.775
olsonma02,2023,Matt Olson,29,Maj-NL,Atlanta,162,720,608,127,172,88,27,3,54,139,104,8,96,167,4,0,4,13,1,0,0.283,0.389,0.604,0.993
schwaky01,2023,Kyle Schwarber,30,Maj-NL,Philadelphia,160,720,585,108,115,48,19,1,47,104,126,5,121,215,6,0,3,4,0,2,0.197,0.343,0.474,0.817
kwanst01,2023,Steven Kwan,25,Maj-AL,Cleveland,158,718,638,93,171,123,36,7,5,54,70,2,68,75,3,1,6,9,21,3,0.268,0.34,0.37,0.71
rileyau01,2023,Austin Riley,26,Maj-NL,Atlanta,159,715,636,117,179,107,32,3,37,97,59,4,55,172,9,0,11,18,3,1,0.281,0.346,0.516,0.861
rodriju01,2023,Julio Rodríguez,22,Maj-AL,Seattle,155,714,654,102,180,109,37,2,32,103,47,6,41,175,11,0,2,14,37,10,0.275,0.333,0.485,0.818
sotoju01,2023,Juan Soto,24,Maj-NL,San Diego,162,708,568,97,156,88,32,1,35,109,132,11,121,129,2,1,5,18,12,5,0.275,0.41,0.519,0.93
wittbo02,2023,Bobby Witt Jr.,23,Maj-AL,Kansas City,158,694,641,97,177,108,28,11,30,96,40,1,39,121,4,1,8,11,49,15,0.276,0.319,0.495,0.813
suareeu01,2023,Eugenio Suárez,31,Maj-AL,Seattle,162,694,598,68,139,88,29,0,22,96,70,0,70,214,15,0,11,10,2,1,0.232,0.323,0.391,0.714
bettsmo01,2023,Mookie Betts,30,Maj-NL,Los Angeles,152,693,584,126,179,99,40,1,39,107,96,3,93,107,8,0,5,5,14,3,0.307,0.408,0.579,0.987
ramirjo01,2023,José Ramírez,30,Maj-AL,Cleveland,156,691,611,87,172,107,36,5,24,80,73,22,51,73,1,0,6,8,28,6,0.282,0.356,0.475,0.831
happia01,2023,Ian Happ,28,Maj-NL,Chicago,158,691,580,86,144,84,35,4,21,84,99,2,97,153,6,0,6,12,14,3,0.248,0.36,0.431,0.791
turnetr01,2023,Trea Turner,30,Maj-NL,Philadelphia,155,691,639,102,170,104,35,5,26,76,45,2,43,150,6,0,1,12,30,0,0.266,0.32,0.459,0.778
hoernni01,2023,Nico Hoerner,26,Maj-NL,Chicago,150,688,619,98,175,135,27,4,9,68,49,0,49,83,14,1,5,12,43,7,0.283,0.346,0.383,0.729
goldspa01,2023,Paul Goldschmidt,35,Maj-NL,St. Louis,154,687,593,89,159,103,31,0,25,80,87,6,81,161,3,0,3,12,11,2,0.268,0.363,0.447,0.81
rutscad01,2023,Adley Rutschman,25,Maj-AL,Baltimore,154,687,588,84,163,111,31,1,20,80,92,6,86,101,2,0,5,14,1,2,0.277,0.374,0.435,0.81
lindofr01,2023,Francisco Lindor,29,Maj-NL,New York,160,687,602,108,153,87,33,2,31,98,66,1,65,137,12,0,7,8,31,4,0.254,0.336,0.47,0.806
torkesp01,2023,Spencer Torkelson,23,Maj-AL,Detroit,159,684,606,88,141,75,34,1,31,94,67,1,66,171,6,0,5,15,3,0,0.233,0.313,0.446,0.758
springe01,2023,George Springer,33,Maj-AL,Toronto,154,683,613,87,158,111,25,1,21,72,60,1,59,125,5,0,3,20,20,5,0.258,0.328,0.405,0.732
nimmobr01,2023,Brandon Nimmo,30,Maj-NL,New York,152,682,592,89,162,102,30,6,24,68,74,0,74,146,11,1,4,6,3,3,0.274,0.363,0.466,0.829
guerrvl02,2023,Vladimir Guerrero Jr.,24,Maj-AL,Toronto,156,682,602,78,159,103,30,0,26,94,67,5,62,100,9,0,4,23,5,3,0.264,0.345,0.444,0.788
thomala02,2023,Lane Thomas,27,Maj-NL,Washington,156,682,628,101,168,101,36,3,28,86,36,0,36,176,11,0,7,5,20,5,0.268,0.315,0.468,0.783
hernate01,2023,Teoscar Hernández,30,Maj-AL,Seattle,160,678,625,70,161,104,29,2,26,93,38,2,36,211,8,0,7,6,7,2,0.258,0.305,0.435,0.741
tuckeky01,2023,Kyle Tucker,26,Maj-AL,Houston,157,674,574,97,163,92,37,5,29,112,80,9,71,92,3,0,10,11,30,5,0.284,0.369,0.517,0.886
torregl01,2023,Gleyber Torres,26,Maj-AL,New York,158,672,596,90,163,108,28,2,25,68,67,0,67,98,3,0,6,19,13,6,0.274,0.347,0.453,0.8
casteni01,2023,Nick Castellanos,31,Maj-NL,Philadelphia,157,671,626,79,170,102,37,2,29,106,36,0,36,185,3,0,6,17,11,2,0.272,0.312,0.476,0.788
steersp01,2023,Spencer Steer,25,Maj-NL,Cincinnati,156,665,582,74,158,95,37,3,23,86,68,0,68,139,11,0,4,9,15,3,0.272,0.356,0.464,0.82
bogaexa01,2023,Xander Bogaerts,30,Maj-NL,San Diego,155,665,596,83,170,118,31,2,19,58,56,0,56,110,7,0,6,21,19,2,0.285,0.35,0.44,0.79
francty01,2023,Ty France,28,Maj-AL,Seattle,158,665,587,79,147,103,32,0,12,58,43,0,43,117,34,0,1,25,1,0,0.25,0.337,0.366,0.703
walkech02,2023,Christian Walker,32,Maj-NL,Arizona,157,661,582,86,150,79,36,2,33,103,62,3,59,127,8,0,8,13,11,0,0.258,0.333,0.497,0.83
albieoz01,2023,Ozzie Albies,26,Maj-NL,Atlanta,148,660,596,96,167,99,30,5,33,109,46,2,44,107,8,0,8,9,13,1,0.28,0.336,0.513,0.849
alonspe01,2023,Pete Alonso,28,Maj-NL,New York,154,658,568,92,123,54,21,2,46,118,65,6,59,151,21,0,4,17,4,1,0.217,0.318,0.504,0.821
menesjo01,2023,Joey Meneses,31,Maj-NL,Washington,154,657,611,71,168,118,36,1,13,89,38,0,38,130,5,0,3,15,0,0,0.275,0.321,0.401,0.722
deverra01,2023,Rafael Devers,26,Maj-AL,Boston,153,656,580,90,157,90,34,0,33,100,62,10,52,126,11,0,3,15,5,1,0.271,0.351,0.5,0.851
santaan02,2023,Anthony Santander,28,Maj-AL,Baltimore,153,656,591,81,152,82,41,1,28,95,55,1,54,152,6,0,4,11,5,1,0.257,0.325,0.472,0.797
arozara01,2023,Randy Arozarena,28,Maj-AL,Tampa Bay,151,654,551,95,140,95,19,3,23,83,80,1,79,156,18,0,5,10,22,10,0.254,0.364,0.425,0.789
marteke01,2023,Ketel Marte,29,Maj-NL,Arizona,150,650,569,94,157,97,26,9,25,82,71,2,69,109,5,0,5,16,8,2,0.276,0.359,0.485,0.844
mcneije01,2023,Jeff McNeil,31,Maj-NL,New York,156,648,585,75,158,119,25,4,10,55,39,0,39,65,18,3,3,5,10,0,0.27,0.333,0.378,0.711
carroco02,2023,Corbin Carroll,22,Maj-NL,Arizona,155,645,565,116,161,96,30,10,25,76,57,1,56,125,13,6,4,7,54,5,0.285,0.362,0.506,0.868
reynobr01,2023,Bryan Reynolds,28,Maj-NL,Pittsburgh,145,640,574,85,151,91,31,5,24,84,53,2,51,138,7,0,6,13,12,1,0.263,0.33,0.46,0.79
stottbr01,2023,Bryson Stott,25,Maj-NL,Philadelphia,151,640,585,78,164,115,32,2,15,62,39,1,38,100,7,1,8,10,31,3,0.28,0.329,0.419,0.747
crawfjp01,2023,J.P. Crawford,28,Maj-AL,Seattle,145,638,534,94,142,88,35,0,19,65,94,1,93,125,5,3,2,7,2,0,0.266,0.38,0.438,0.818
swansda01,2023,Dansby Swanson,29,Maj-NL,Chicago,147,638,565,81,138,88,25,3,22,80,66,0,66,154,5,0,2,9,9,1,0.244,0.328,0.416,0.744
adamewi01,2023,Willy Adames,27,Maj-NL,Milwaukee,149,638,553,73,120,65,29,2,24,80,71,1,70,165,6,0,6,12,5,3,0.217,0.31,0.407,0.717
tatisfe02,2023,Fernando Tatis Jr.,24,Maj-NL,San Diego,141,635,575,91,148,89,33,1,25,78,53,0,53,141,3,1,3,17,29,4,0.257,0.322,0.449,0.771
penaje02,2023,Jeremy Peña,25,Maj-AL,Houston,150,634,577,81,152,107,32,3,10,52,43,1,42,129,9,1,1,11,13,9,0.263,0.324,0.381,0.705
garciad02,2023,Adolis García,30,Maj-AL,Texas,148,632,555,108,136,68,29,0,39,107,65,0,65,175,6,0,6,12,9,1,0.245,0.328,0.508,0.836
yelicch01,2023,Christian Yelich,31,Maj-NL,Milwaukee,144,632,550,106,153,99,34,1,19,76,78,7,71,140,3,0,1,15,28,3,0.278,0.37,0.447,0.818
mcmahry01,2023,Ryan McMahon,28,Maj-NL,Colorado,152,627,555,80,133,76,31,3,23,70,68,2,66,198,1,0,3,19,5,5,0.24,0.322,0.431,0.753
turneju01,2023,Justin Turner,38,Maj-AL,Boston,146,626,558,86,154,100,31,0,23,96,51,0,51,110,11,0,6,10,4,1,0.276,0.345,0.455,0.8
kimha01,2023,Ha-Seong Kim,27,Maj-NL,San Diego,152,626,538,84,140,100,23,0,17,60,75,1,74,124,3,5,5,7,38,9,0.26,0.351,0.398,0.749
delacbr01,2023,Bryan De La Cruz,26,Maj-NL,Miami,153,626,579,60,149,98,32,0,19,78,40,0,40,142,1,0,5,18,4,1,0.257,0.304,0.411,0.715
hendegu01,2023,Gunnar Henderson,22,Maj-AL,Baltimore,150,622,560,100,143,77,29,9,28,82,56,1,55,159,3,0,3,10,10,3,0.255,0.325,0.489,0.814
beninan01,2023,Andrew Benintendi,28,Maj-AL,Chicago,151,621,562,72,147,106,34,2,5,45,52,5,47,89,3,1,3,12,13,2,0.262,0.326,0.356,0.682
santaca01,2023,Carlos Santana,37,Maj-NL,"Milwaukee,Pittsburgh",146,619,550,78,132,75,33,1,23,86,65,0,65,104,0,0,4,11,6,0,0.24,0.318,0.429,0.747
arraelu01,2023,Luis Arráez,26,Maj-NL,Miami,147,617,574,71,203,160,30,3,10,69,35,10,25,34,4,1,3,18,3,2,0.354,0.393,0.469,0.862
belljo02,2023,Josh Bell,30,"Maj-AL,Maj-NL","Cleveland,Miami",150,617,547,52,135,85,28,0,22,74,63,2,61,134,2,0,3,13,0,1,0.247,0.325,0.419,0.744
gimenan01,2023,Andrés Giménez,24,Maj-AL,Cleveland,153,616,557,76,140,93,27,5,15,62,32,3,29,112,20,4,3,10,30,6,0.251,0.314,0.399,0.712
vaughan01,2023,Andrew Vaughn,25,Maj-AL,Chicago,152,615,566,67,146,93,30,2,21,80,36,0,36,129,11,0,2,15,0,0,0.258,0.314,0.429,0.743
tovarez01,2023,Ezequiel Tovar,21,Maj-NL,Colorado,153,615,581,79,147,91,37,4,15,73,25,0,25,166,4,2,3,10,11,5,0.253,0.287,0.408,0.695
abramcj01,2023,CJ Abrams,22,Maj-NL,Washington,151,614,563,83,138,86,28,6,18,64,32,2,30,118,13,3,3,7,47,4,0.245,0.3,0.412,0.712
arenano01,2023,Nolan Arenado,32,Maj-NL,St. Louis,144,612,560,71,149,95,26,2,26,93,41,5,36,101,3,0,8,21,3,3,0.266,0.315,0.459,0.774
contrwi02,2023,William Contreras,25,Maj-NL,Milwaukee,141,611,540,86,156,100,38,1,17,78,63,2,61,126,5,1,2,23,6,1,0.289,0.367,0.457,0.825
bohmal01,2023,Alec Bohm,26,Maj-NL,Philadelphia,145,611,558,74,153,102,31,0,20,97,42,1,41,94,5,0,6,23,4,1,0.274,0.327,0.437,0.765
verdual01,2023,Alex Verdugo,27,Maj-AL,Boston,142,602,546,81,144,89,37,5,13,54,45,1,44,93,6,0,5,11,5,3,0.264,0.324,0.421,0.745
melenmj01,2023,MJ Melendez,24,Maj-AL,Kansas City,148,602,533,65,125,75,29,5,16,56,62,2,60,170,3,0,4,4,6,4,0.235,0.316,0.398,0.713
bichebo01,2023,Bo Bichette,25,Maj-AL,Toronto,135,601,571,69,175,122,30,3,20,73,27,0,27,115,2,0,1,14,5,3,0.307,0.339,0.475,0.814
machama01,2023,Manny Machado,30,Maj-NL,San Diego,138,601,543,75,140,89,21,0,30,91,50,1,49,109,2,0,6,20,3,2,0.258,0.32,0.462,0.782
volpean01,2023,Anthony Volpe,22,Maj-AL,New York,159,601,541,62,113,65,23,4,21,60,52,0,52,167,5,1,2,10,24,5,0.209,0.283,0.383,0.666
diazya01,2023,Yandy Díaz,31,Maj-AL,Tampa Bay,137,600,525,95,173,116,35,0,22,78,65,0,65,94,8,0,2,16,0,1,0.33,0.41,0.522,0.932
ohtansh01,2023,Shohei Ohtani,28,Maj-AL,Los Angeles,135,599,497,102,151,73,26,8,44,95,91,21,70,143,3,0,3,9,20,6,0.304,0.413,0.654,1.066
roberlu01,2023,Luis Robert Jr.,25,Maj-AL,Chicago,145,595,546,90,144,69,36,1,38,80,30,5,25,172,12,0,2,10,20,4,0.264,0.315,0.542,0.857
abreujo02,2023,José Abreu,36,Maj-AL,Houston,141,594,540,62,128,86,23,1,18,90,42,1,41,130,6,0,6,16,0,1,0.237,0.296,0.383,0.68
ozunama01,2023,Marcell Ozuna,32,Maj-NL,Atlanta,144,592,530,84,145,75,29,1,40,100,57,1,56,134,3,0,2,9,0,0,0.274,0.346,0.559,0.905
gurrilo01,2023,Lourdes Gurriel Jr.,29,Maj-NL,Arizona,145,592,551,65,144,83,35,2,24,82,33,1,32,103,6,0,2,20,5,0,0.261,0.309,0.463,0.772
merriwh01,2023,Whit Merrifield,34,Maj-AL,Toronto,145,592,547,66,149,111,27,0,11,67,36,2,34,101,3,0,6,15,26,10,0.272,0.318,0.382,0.7
smithdo02,2023,Dominic Smith,28,Maj-NL,Washington,153,586,527,57,134,100,21,1,12,46,47,1,46,91,10,0,2,12,1,1,0.254,0.326,0.366,0.692
suzukse01,2023,Seiya Suzuki,28,Maj-NL,Chicago,138,583,515,75,147,90,31,6,20,74,59,3,56,130,2,0,7,8,6,7,0.285,0.357,0.485,0.842
chapmma01,2023,Matt Chapman,30,Maj-AL,Toronto,140,581,509,66,122,64,39,2,17,54,62,1,61,165,8,0,2,4,4,2,0.24,0.331,0.424,0.755
varshda01,2023,Daulton Varsho,26,Maj-AL,Toronto,158,581,527,65,116,70,23,3,20,61,45,0,45,135,4,1,3,5,16,7,0.22,0.285,0.389,0.674
solerjo01,2023,Jorge Soler,31,Maj-NL,Miami,137,580,504,77,126,66,24,0,36,75,66,4,62,141,6,0,4,20,1,0,0.25,0.341,0.512,0.853
yoshima02,2023,Masataka Yoshida,29,Maj-AL,Boston,140,580,537,71,155,104,33,3,15,72,34,0,34,81,7,0,2,20,8,0,0.289,0.338,0.445,0.783
perezsa02,2023,Salvador Pérez,33,Maj-AL,Kansas City,140,580,538,59,137,93,21,0,23,80,19,6,13,135,13,0,8,11,0,0,0.255,0.292,0.422,0.714
correca01,2023,Carlos Correa,28,Maj-AL,Minnesota,135,580,514,60,118,69,29,2,18,65,59,3,56,131,4,0,3,30,0,0,0.23,0.312,0.399,0.711
muncyma01,2023,Max Muncy,32,Maj-NL,Los Angeles,135,579,482,95,102,48,17,1,36,105,85,4,81,153,6,0,6,8,1,2,0.212,0.333,0.475,0.808
candeje01,2023,Jeimer Candelario,29,Maj-NL,"Chicago,Washington",140,576,505,77,127,63,39,3,22,70,53,1,52,127,13,0,4,11,8,1,0.252,0.336,0.471,0.807
paredis01,2023,Isaac Paredes,24,Maj-AL,Tampa Bay,143,571,492,71,123,68,24,0,31,98,58,0,58,104,20,0,1,11,1,0,0.25,0.352,0.488,0.84
raleica01,2023,Cal Raleigh,26,Maj-AL,Seattle,145,569,513,78,119,65,23,1,30,75,54,1,53,158,1,0,1,6,0,0,0.232,0.306,0.456,0.762
outmaja01,2023,James Outman,26,Maj-NL,Los Angeles,151,567,483,86,120,78,16,3,23,70,68,1,67,181,12,0,4,4,16,3,0.248,0.353,0.437,0.79
haysau01,2023,Austin Hays,27,Maj-AL,Baltimore,144,566,520,76,143,89,36,2,16,67,38,1,37,141,3,0,5,11,5,1,0.275,0.325,0.444,0.769
lemahdj01,2023,DJ LeMahieu,34,Maj-AL,New York,136,562,497,55,121,81,22,3,15,44,60,2,58,125,3,0,2,14,2,2,0.244,0.327,0.39,0.718
ruizke01,2023,Keibert Ruiz,24,Maj-NL,Washington,136,562,523,55,136,94,24,0,18,67,31,1,30,58,6,0,2,13,1,1,0.26,0.308,0.409,0.717
bellico01,2023,Cody Bellinger,27,Maj-NL,Chicago,130,556,499,95,153,97,29,1,26,97,40,3,37,87,5,0,12,7,20,6,0.307,0.356,0.525,0.881
friedtj01,2023,TJ Friedl,27,Maj-NL,Cincinnati,138,556,488,73,136,88,22,8,18,66,47,1,46,90,10,8,3,0,27,6,0.279,0.352,0.467,0.819
grishtr01,2023,Trent Grisham,26,Maj-NL,San Diego,153,555,469,67,93,48,31,1,13,50,75,0,75,154,5,4,1,7,15,3,0.198,0.315,0.352,0.666
smithwi05,2023,Will Smith,28,Maj-NL,Los Angeles,126,554,464,80,121,79,21,2,19,76,63,2,61,89,15,0,12,8,3,0,0.261,0.359,0.438,0.797
taverle01,2023,Leody Taveras,24,Maj-AL,Texas,143,554,511,67,136,88,31,3,14,67,35,0,35,117,1,3,4,3,14,4,0.266,0.312,0.421,0.733
renfrhu01,2023,Hunter Renfroe,31,"Maj-AL,Maj-NL","Cincinnati,Los Angeles",140,548,498,60,116,65,31,0,20,60,44,0,44,125,3,0,3,15,0,0,0.233,0.297,0.416,0.713
baezja01,2023,Javier Báez,30,Maj-AL,Detroit,136,547,510,58,113,82,18,4,9,59,24,0,24,125,9,0,3,12,12,0,0.222,0.267,0.326,0.593
harpebr03,2023,Bryce Harper,30,Maj-NL,Philadelphia,126,546,457,84,134,83,29,1,21,72,80,8,72,119,5,0,4,10,11,3,0.293,0.401,0.499,0.9
davisjd01,2023,J.D. Davis,30,Maj-NL,San Francisco,144,546,480,61,119,77,23,1,18,69,52,0,52,152,6,0,6,16,1,0,0.248,0.325,0.413,0.738
rosaram01,2023,Amed Rosario,27,"Maj-AL,Maj-NL","Cleveland,Los Angeles",142,545,510,70,134,95,25,8,6,58,29,0,29,99,3,0,3,15,15,2,0.263,0.305,0.378,0.683
burgeja01,2023,Jake Burger,27,"Maj-AL,Maj-NL","Chicago,Miami",141,540,492,71,123,60,28,1,34,80,32,0,32,149,12,0,4,4,1,1,0.25,0.309,0.518,0.828
realmjt01,2023,J.T. Realmuto,32,Maj-NL,Philadelphia,135,540,489,70,123,70,28,5,20,63,35,3,32,138,9,0,5,10,16,5,0.252,0.31,0.452,0.762
harrimi04,2023,Michael Harris II,22,Maj-NL,Atlanta,138,539,505,76,148,94,33,3,18,57,25,1,24,101,5,1,3,8,20,4,0.293,0.331,0.477,0.808
seageco01,2023,Corey Seager,29,Maj-AL,Texas,119,536,477,88,156,81,42,0,33,96,49,9,40,88,4,0,6,9,2,1,0.327,0.39,0.623,1.013
suwinja01,2023,Jack Suwinski,24,Maj-NL,Pittsburgh,144,534,447,63,100,51,21,2,26,74,75,2,73,172,6,0,6,2,13,2,0.224,0.339,0.454,0.793
arciaor01,2023,Orlando Arcia,28,Maj-NL,Atlanta,139,533,488,66,129,87,25,0,17,65,39,0,39,102,3,0,3,14,1,0,0.264,0.321,0.42,0.741
estrath01,2023,Thairo Estrada,27,Maj-NL,San Francisco,120,530,495,63,134,92,26,2,14,49,22,1,21,120,11,0,2,10,23,7,0.271,0.315,0.416,0.731
vierlma01,2023,Matt Vierling,26,Maj-AL,Detroit,134,530,479,63,125,89,21,5,10,44,44,1,43,112,5,1,1,8,6,6,0.261,0.329,0.388,0.717
indiajo01,2023,Jonathan India,26,Maj-NL,Cincinnati,119,529,454,78,111,71,23,0,17,61,52,0,52,109,16,0,7,13,14,2,0.245,0.338,0.408,0.746
edmanto01,2023,Tommy Edman,28,Maj-NL,St. Louis,137,528,479,69,119,77,25,4,13,47,35,1,34,84,7,3,4,9,27,4,0.248,0.307,0.399,0.705
rookebr01,2023,Brent Rooker,28,Maj-AL,Oakland,137,526,463,61,114,63,20,1,30,69,49,1,48,172,10,0,4,11,4,0,0.246,0.329,0.488,0.817
diazel01,2023,Elías Díaz,32,Maj-NL,Colorado,141,526,486,48,130,90,25,1,14,72,34,0,34,118,2,0,4,12,1,0,0.268,0.316,0.41,0.725
hayeske01,2023,Ke'Bryan Hayes,26,Maj-NL,Pittsburgh,124,525,494,65,134,81,31,7,15,61,28,1,27,104,0,0,3,11,10,6,0.271,0.309,0.453,0.762
anderti01,2023,Tim Anderson,30,Maj-AL,Chicago,123,524,493,52,121,100,18,2,1,25,26,0,26,122,3,0,2,15,13,2,0.245,0.286,0.296,0.582
drurybr01,2023,Brandon Drury,30,Maj-AL,Los Angeles,125,523,485,61,127,68,30,3,26,83,25,0,25,136,8,0,5,14,0,2,0.262,0.306,0.497,0.803
croneja01,2023,Jake Cronenworth,29,Maj-NL,San Diego,127,522,458,54,105,64,24,7,10,48,46,2,44,97,11,1,5,8,6,1,0.229,0.312,0.378,0.689
profaju01,2023,Jurickson Profar,30,Maj-NL,"Colorado,San Diego",125,521,459,55,111,73,27,2,9,46,50,0,50,90,6,0,5,11,1,0,0.242,0.321,0.368,0.689
wadela01,2023,LaMonte Wade Jr.,29,Maj-NL,San Francisco,135,519,429,64,110,77,14,2,17,45,76,3,73,95,6,4,4,4,2,0,0.256,0.373,0.417,0.79
mckinza01,2023,Zach McKinstry,28,Maj-AL,Detroit,148,518,464,60,107,73,21,4,9,35,44,0,44,113,5,2,3,3,16,6,0.231,0.302,0.351,0.654
strawmy01,2023,Myles Straw,28,Maj-AL,Cleveland,147,518,462,52,110,88,18,3,1,29,42,0,42,97,2,6,6,10,20,6,0.238,0.301,0.297,0.597
stephty01,2023,Tyler Stephenson,26,Maj-NL,Cincinnati,142,517,465,59,113,78,20,2,13,56,47,2,45,135,4,0,1,16,0,1,0.243,0.317,0.379,0.696
rosared01,2023,Eddie Rosario,31,Maj-NL,Atlanta,142,516,478,64,122,74,24,3,21,74,34,1,33,122,1,1,2,13,3,4,0.255,0.305,0.45,0.755
jungjo01,2023,Josh Jung,25,Maj-AL,Texas,122,515,478,75,127,78,25,1,23,70,30,0,30,151,5,0,2,7,1,3,0.266,0.315,0.467,0.781
garcima01,2023,Maikel García,23,Maj-AL,Kansas City,123,515,464,59,126,98,20,4,4,50,38,0,38,115,2,1,10,9,23,7,0.272,0.323,0.358,0.681
hernaen02,2023,Enrique Hernández,31,"Maj-AL,Maj-NL","Boston,Los Angeles",140,508,465,57,110,76,23,0,11,61,34,1,33,97,3,0,6,17,4,1,0.237,0.289,0.357,0.646
canhama01,2023,Mark Canha,34,Maj-NL,"Milwaukee,New York",139,507,435,51,114,77,25,1,11,62,49,1,48,79,17,0,6,11,11,1,0.262,0.355,0.4,0.755
nootbla01,2023,Lars Nootbaar,25,Maj-NL,St. Louis,117,503,426,74,111,73,23,1,14,46,72,2,70,99,1,1,3,7,11,1,0.261,0.367,0.418,0.784
casastr01,2023,Triston Casas,23,Maj-AL,Boston,132,502,429,66,113,66,21,2,24,65,70,2,68,126,1,0,2,7,0,0,0.263,0.367,0.49,0.856
lowejo01,2023,Josh Lowe,25,Maj-AL,Tampa Bay,135,501,466,71,136,81,33,2,20,83,31,2,29,124,1,0,3,6,32,3,0.292,0.335,0.5,0.835
heimjo01,2023,Jonah Heim,28,Maj-AL,Texas,131,501,457,61,118,72,28,0,18,95,40,2,38,96,1,0,3,10,2,0,0.258,0.317,0.438,0.755
ruizes01,2023,Esteury Ruiz,24,Maj-AL,Oakland,132,497,449,47,114,84,24,1,5,47,20,1,19,99,16,4,1,7,67,13,0.254,0.309,0.345,0.654
alvaryo01,2023,Yordan Álvarez,26,Maj-AL,Houston,114,496,410,77,120,64,24,1,31,97,69,5,64,92,13,0,4,7,0,0,0.293,0.407,0.583,0.99
naylojo01,2023,Josh Naylor,26,Maj-AL,Cleveland,121,495,452,52,139,91,31,0,17,97,33,9,24,68,3,0,7,11,10,3,0.308,0.354,0.489,0.842
contrwi01,2023,Willson Contreras,31,Maj-NL,St. Louis,125,495,428,55,113,66,27,0,20,67,51,0,51,111,13,1,2,12,6,3,0.264,0.358,0.467,0.826
nodary01,2023,Ryan Noda,27,Maj-AL,Oakland,128,495,406,63,93,54,22,1,16,54,77,1,76,170,10,0,2,4,3,1,0.229,0.364,0.406,0.77
perdoge01,2023,Geraldo Perdomo,23,Maj-NL,Arizona,144,495,407,71,100,70,20,4,6,47,64,1,63,86,6,14,4,2,16,4,0.246,0.353,0.359,0.712
dubonma01,2023,Mauricio Dubón,28,Maj-AL,Houston,132,492,467,76,130,91,26,3,10,46,19,0,19,70,3,0,3,10,7,2,0.278,0.309,0.411,0.72
francwa01,2023,Wander Franco,22,Maj-AL,Tampa Bay,112,491,442,65,124,78,23,6,17,58,42,3,39,69,3,0,4,18,30,10,0.281,0.344,0.475,0.819
keplema01,2023,Max Kepler,30,Maj-AL,Minnesota,129,491,438,72,114,66,22,2,24,66,45,0,45,106,4,0,4,9,1,1,0.26,0.332,0.484,0.816
langesh01,2023,Shea Langeliers,25,Maj-AL,Oakland,135,490,448,52,92,47,19,4,22,63,34,2,32,143,5,1,2,10,3,2,0.205,0.268,0.413,0.681
jimenel02,2023,Eloy Jiménez,26,Maj-AL,Chicago,120,489,456,50,124,83,23,0,18,64,30,2,28,93,1,0,2,13,0,0,0.272,0.317,0.441,0.758
garcilu04,2023,Luis García,23,Maj-NL,Washington,122,482,447,61,119,88,18,4,9,50,27,1,26,60,0,1,7,10,9,4,0.266,0.304,0.385,0.688
phamth01,2023,Tommy Pham,35,Maj-NL,"Arizona,New York",129,481,426,55,109,63,27,3,16,68,47,1,46,106,2,0,6,11,22,3,0.256,0.329,0.446,0.775
martijd02,2023,J.D. Martinez,35,Maj-NL,Los Angeles,112,479,432,61,117,55,27,2,33,103,34,1,33,149,2,0,9,11,1,0,0.271,0.321,0.572,0.893
mccutan01,2023,Andrew McCutchen,36,Maj-NL,Pittsburgh,112,473,390,55,100,69,19,0,12,43,75,1,74,100,4,0,4,8,11,3,0.256,0.378,0.397,0.776
marshbr02,2023,Brandon Marsh,25,Maj-NL,Philadelphia,133,472,404,58,112,69,25,6,12,60,59,2,57,144,4,1,4,4,10,2,0.277,0.372,0.458,0.829
joeco01,2023,Connor Joe,30,Maj-NL,Pittsburgh,133,472,413,63,102,56,31,4,11,42,50,0,50,110,8,0,1,4,3,5,0.247,0.339,0.421,0.76
grichra01,2023,Randal Grichuk,31,"Maj-AL,Maj-NL","Colorado,Los Angeles",118,471,434,65,116,67,31,2,16,44,29,2,27,96,6,0,2,11,2,2,0.267,0.321,0.459,0.779
mountry01,2023,Ryan Mountcastle,26,Maj-AL,Baltimore,115,470,423,64,114,74,21,1,18,68,37,1,36,107,3,0,7,13,3,1,0.27,0.328,0.452,0.779
confomi01,2023,Michael Conforto,30,Maj-NL,San Francisco,125,470,406,58,97,68,14,0,15,58,53,4,49,106,7,0,4,12,4,0,0.239,0.334,0.384,0.718
walkejo02,2023,Jordan Walker,21,Maj-NL,St. Louis,117,465,420,51,116,79,19,2,16,51,37,0,37,104,6,0,2,9,7,4,0.276,0.342,0.445,0.787
gormano01,2023,Nolan Gorman,23,Maj-NL,St. Louis,119,464,406,59,96,52,17,0,27,76,53,1,52,148,3,0,2,5,7,2,0.237,0.328,0.478,0.805
massemi02,2023,Michael Massey,25,Maj-AL,Kansas City,129,461,428,42,98,64,18,1,15,55,24,0,24,99,4,1,4,3,6,2,0.229,0.274,0.381,0.655
carpeke01,2023,Kerry Carpenter,25,Maj-AL,Detroit,118,459,418,57,116,77,17,2,20,64,32,3,29,115,8,0,1,5,6,0,0.278,0.34,0.471,0.811
judgeaa01,2023,Aaron Judge,31,Maj-AL,New York,106,458,367,79,98,45,16,0,37,75,88,9,79,130,0,0,3,5,3,1,0.267,0.406,0.613,1.019
mccorch01,2023,Chas McCormick,28,Maj-AL,Houston,115,457,403,59,110,69,17,2,22,70,40,0,40,117,11,1,2,3,19,6,0.273,0.353,0.489,0.842
coopega03,2023,Garrett Cooper,32,Maj-NL,"Miami,San Diego",123,457,422,42,106,70,18,1,17,61,31,0,31,132,2,0,2,15,0,0,0.251,0.304,0.419,0.724
mullice01,2023,Cedric Mullins,28,Maj-AL,Baltimore,116,455,404,51,94,53,23,3,15,74,43,1,42,101,1,3,4,6,19,3,0.233,0.305,0.416,0.721
fraziad01,2023,Adam Frazier,31,Maj-AL,Baltimore,141,455,412,59,99,63,21,2,13,60,32,0,32,68,4,4,2,4,11,4,0.24,0.3,0.396,0.696
brennwi02,2023,Will Brennan,25,Maj-AL,Cleveland,138,455,432,41,115,86,24,0,5,41,16,2,14,57,5,0,2,4,13,5,0.266,0.299,0.357,0.655
florewi01,2023,Wilmer Flores,31,Maj-NL,San Francisco,126,454,405,51,115,70,22,0,23,60,41,1,40,63,5,0,3,13,0,0,0.284,0.355,0.509,0.863
solando01,2023,Donovan Solano,35,Maj-AL,Minnesota,134,450,394,43,111,79,26,1,5,38,40,1,39,100,15,0,1,8,0,0,0.282,0.369,0.391,0.76
turanbr02,2023,Brice Turang,23,Maj-NL,Milwaukee,137,448,404,46,88,70,9,3,6,34,38,1,37,94,1,3,2,9,26,4,0.218,0.285,0.3,0.585
rengilu01,2023,Luis Rengifo,26,Maj-AL,Los Angeles,126,445,394,55,104,69,15,4,16,51,41,0,41,82,6,0,4,3,6,4,0.264,0.339,0.444,0.784
duranez01,2023,Ezequiel Duran,24,Maj-AL,Texas,122,439,406,55,112,74,22,2,14,46,23,1,22,120,7,1,2,7,8,4,0.276,0.324,0.443,0.768
callal02,2023,Alex Call,28,Maj-NL,Washington,128,439,375,43,75,52,14,1,8,38,53,0,53,78,6,3,2,1,9,8,0.2,0.307,0.307,0.614
murphse01,2023,Sean Murphy,28,Maj-NL,Atlanta,108,438,370,65,93,51,21,0,21,68,49,0,49,98,18,0,1,18,0,0,0.251,0.365,0.478,0.844
lowebr01,2023,Brandon Lowe,28,Maj-AL,Tampa Bay,109,436,377,58,87,50,15,1,21,68,50,0,50,119,6,0,3,8,7,0,0.231,0.328,0.443,0.771
ramirha02,2023,Harold Ramírez,28,Maj-AL,Tampa Bay,122,434,400,58,125,92,19,2,12,68,22,0,22,79,6,0,6,7,5,3,0.313,0.353,0.46,0.813
doylebr02,2023,Brenton Doyle,25,Maj-NL,Colorado,126,431,399,48,81,50,16,5,10,48,22,0,22,151,4,3,3,9,22,5,0.203,0.25,0.343,0.593
peterja01,2023,Jace Peterson,33,"Maj-AL,Maj-NL","Arizona,Oakland",133,430,374,35,79,59,10,4,6,37,47,2,45,101,4,2,3,7,15,2,0.211,0.304,0.308,0.611
morelch01,2023,Christopher Morel,24,Maj-NL,Chicago,107,429,388,62,96,50,17,3,26,70,36,0,36,133,2,1,2,7,6,2,0.247,0.313,0.508,0.821
delacel01,2023,Elly De La Cruz,21,Maj-NL,Cincinnati,98,427,388,67,91,56,15,7,13,44,35,3,32,144,2,1,1,6,35,8,0.235,0.301,0.41,0.71
pederjo01,2023,Joc Pederson,31,Maj-NL,San Francisco,121,425,358,59,84,52,14,3,15,51,57,6,51,89,7,0,3,12,0,0,0.235,0.348,0.416,0.764
jonesno01,2023,Nolan Jones,25,Maj-NL,Colorado,106,424,367,60,109,63,22,4,20,62,53,3,50,126,3,0,1,1,20,4,0.297,0.389,0.542,0.931
bertijo01,2023,Jon Berti,33,Maj-NL,Miami,133,424,388,53,114,88,16,3,7,33,29,2,27,77,2,2,3,10,16,6,0.294,0.344,0.405,0.748
alvarfr01,2023,Francisco Álvarez,21,Maj-NL,New York,123,423,382,51,80,43,12,0,25,63,34,0,34,110,6,0,1,14,2,0,0.209,0.284,0.437,0.721
rojasmi02,2023,Miguel Rojas,34,Maj-NL,Los Angeles,124,423,385,49,91,69,16,1,5,31,26,0,26,48,5,2,5,12,8,3,0.236,0.29,0.322,0.612
kirkal01,2023,Alejandro Kirk,24,Maj-AL,Toronto,123,422,372,34,93,69,16,0,8,43,42,1,41,45,6,0,2,21,0,0,0.25,0.334,0.358,0.692
peralda01,2023,David Peralta,35,Maj-NL,Los Angeles,133,422,394,47,102,69,25,1,7,55,20,1,19,72,2,0,6,8,4,1,0.259,0.294,0.381,0.675
rizzoan01,2023,Anthony Rizzo,33,Maj-AL,New York,99,421,373,45,91,65,14,0,12,41,35,1,34,97,12,0,1,10,0,3,0.244,0.328,0.378,0.706
grossro01,2023,Robbie Grossman,33,Maj-AL,Texas,115,420,353,56,84,50,23,1,10,49,57,0,57,98,2,0,8,8,1,0,0.238,0.341,0.394,0.734
gomesya01,2023,Yan Gomes,35,Maj-NL,Chicago,116,419,382,44,102,70,20,2,10,63,21,1,20,81,9,0,7,9,1,0,0.267,0.315,0.408,0.723
kempto01,2023,Tony Kemp,31,Maj-AL,Oakland,124,419,359,42,75,54,13,3,5,27,44,0,44,40,6,7,3,9,15,4,0.209,0.303,0.304,0.607
greenri03,2023,Riley Greene,22,Maj-AL,Detroit,99,416,378,51,109,75,19,4,11,37,35,0,35,114,1,0,2,7,7,0,0.288,0.349,0.447,0.796
kelenja01,2023,Jarred Kelenic,23,Maj-AL,Seattle,105,416,372,44,94,56,25,2,11,49,41,4,37,132,1,0,2,6,13,5,0.253,0.327,0.419,0.746
stantmi03,2023,Giancarlo Stanton,33,Maj-AL,New York,101,415,371,43,71,34,13,0,24,60,41,3,38,124,2,0,1,11,0,0,0.191,0.275,0.421,0.695
blackch02,2023,Charlie Blackmon,36,Maj-NL,Colorado,96,413,359,57,100,63,24,5,8,40,39,0,39,55,11,0,4,6,4,1,0.279,0.363,0.44,0.803
altuvjo01,2023,José Altuve,33,Maj-AL,Houston,90,410,360,76,112,72,21,2,17,51,44,0,44,71,5,0,1,9,14,2,0.311,0.393,0.522,0.915
wiemejo01,2023,Joey Wiemer,24,Maj-NL,Milwaukee,132,410,367,48,75,43,19,0,13,42,36,0,36,116,5,0,2,4,11,4,0.204,0.283,0.362,0.645
wardta01,2023,Taylor Ward,29,Maj-AL,Los Angeles,97,409,356,60,90,58,18,0,14,47,39,0,39,80,8,0,6,9,4,2,0.253,0.335,0.421,0.756
castrwi01,2023,Willi Castro,26,Maj-AL,Minnesota,124,409,358,60,92,60,18,5,9,34,34,1,33,99,12,2,3,5,33,5,0.257,0.339,0.411,0.75
julieed01,2023,Edouard Julien,24,Maj-AL,Minnesota,108,408,338,60,89,56,16,1,16,37,64,0,64,128,2,1,3,8,3,0,0.263,0.381,0.459,0.839
kiermke01,2023,Kevin Kiermaier,33,Maj-AL,Toronto,129,408,370,58,98,63,21,6,8,36,29,0,29,86,4,1,4,9,14,1,0.265,0.322,0.419,0.741
maldoma01,2023,Martín Maldonado,36,Maj-AL,Houston,116,407,362,33,69,42,12,0,15,36,30,0,30,139,3,12,0,10,0,0,0.191,0.258,0.348,0.606
raleylu01,2023,Luke Raley,28,Maj-AL,Tampa Bay,118,406,357,56,89,44,23,3,19,49,28,0,28,128,18,1,2,2,14,3,0.249,0.333,0.49,0.824
andruel01,2023,Elvis Andrus,34,Maj-AL,Chicago,112,406,374,39,94,67,20,1,6,44,25,1,24,71,4,1,2,11,12,4,0.251,0.304,0.358,0.662
grandya01,2023,Yasmani Grandal,34,Maj-AL,Chicago,118,405,363,33,85,63,14,0,8,33,36,1,35,86,4,0,2,11,0,0,0.234,0.309,0.339,0.647
beltbr01,2023,Brandon Belt,35,Maj-AL,Toronto,103,404,339,53,86,44,23,0,19,43,61,1,60,141,2,0,2,5,0,0,0.254,0.369,0.49,0.859
laurera01,2023,Ramón Laureano,28,Maj-AL,"Cleveland,Oakland",105,404,361,46,81,50,18,4,9,35,33,0,33,114,9,0,1,9,12,1,0.224,0.305,0.371,0.676
mclaima01,2023,Matt McLain,23,Maj-NL,Cincinnati,89,403,365,65,106,63,23,4,16,50,31,0,31,115,7,0,0,5,14,5,0.29,0.357,0.507,0.864
wongco01,2023,Connor Wong,27,Maj-AL,Boston,126,403,371,55,87,51,25,2,9,36,22,0,22,134,6,3,1,4,8,2,0.235,0.288,0.385,0.673
sanchje02,2023,Jesús Sánchez,25,Maj-NL,Miami,125,402,360,43,91,51,23,3,14,52,38,1,37,107,2,1,1,12,3,1,0.253,0.327,0.45,0.777
thomaal01,2023,Alek Thomas,23,Maj-NL,Arizona,125,402,374,51,86,55,17,5,9,39,19,1,18,86,4,2,3,5,9,1,0.23,0.273,0.374,0.647
tauchmi01,2023,Mike Tauchman,32,Maj-NL,Chicago,108,401,337,64,85,59,18,0,8,48,56,1,55,86,4,1,3,3,7,1,0.252,0.363,0.377,0.739
dejonpa01,2023,Paul DeJong,29,"Maj-AL,Maj-NL","San Francisco,St. Louis,Toronto",112,400,372,41,77,50,13,0,14,38,21,0,21,121,5,0,2,10,4,4,0.207,0.258,0.355,0.612
uriasra01,2023,Ramón Urías,29,Maj-AL,Baltimore,116,396,360,45,95,66,22,3,4,42,27,0,27,101,8,0,1,10,3,1,0.264,0.328,0.375,0.703
batybr01,2023,Brett Baty,23,Maj-NL,New York,108,389,353,41,75,54,12,0,9,34,29,0,29,109,2,1,1,8,2,0,0.213,0.275,0.323,0.598
taylomi02,2023,Michael A. Taylor,32,Maj-AL,Minnesota,129,388,355,48,78,42,14,1,21,51,26,0,26,130,3,3,1,7,13,1,0.22,0.278,0.442,0.72
moustmi01,2023,Mike Moustakas,34,"Maj-AL,Maj-NL","Colorado,Los Angeles",112,386,352,43,87,60,15,0,12,48,23,1,22,95,3,0,8,7,0,0,0.247,0.293,0.392,0.685
olivaed02,2023,Edward Olivares,27,Maj-AL,Kansas City,107,385,354,47,93,54,23,4,12,36,22,1,21,64,7,0,2,7,11,5,0.263,0.317,0.452,0.769
tayloch03,2023,Chris Taylor,32,Maj-NL,Los Angeles,117,384,338,51,80,49,15,1,15,56,41,2,39,125,4,0,1,2,16,3,0.237,0.326,0.42,0.746
chishja01,2023,Jazz Chisholm Jr.,25,Maj-NL,Miami,97,383,352,50,88,55,12,2,19,51,26,0,26,118,2,1,2,4,22,3,0.25,0.304,0.457,0.761
ibanean01,2023,Andy Ibáñez,30,Maj-AL,Detroit,114,383,356,42,94,58,23,2,11,41,24,0,24,69,1,1,1,7,1,0,0.264,0.312,0.433,0.744
yastrmi01,2023,Mike Yastrzemski,32,Maj-NL,San Francisco,106,381,330,54,77,38,23,1,15,43,45,3,42,99,3,2,1,5,2,2,0.233,0.33,0.446,0.775
fraleja01,2023,Jake Fraley,28,Maj-NL,Cincinnati,111,380,336,41,86,53,18,0,15,65,37,2,35,71,6,0,1,5,21,5,0.256,0.34,0.444,0.783
morenga01,2023,Gabriel Moreno,23,Maj-NL,Arizona,111,380,341,33,97,70,19,1,7,50,29,0,29,75,3,0,7,17,6,2,0.285,0.34,0.408,0.747
brownse01,2023,Seth Brown,30,Maj-AL,Oakland,112,378,343,33,76,42,19,1,14,52,30,1,29,101,2,1,2,6,3,1,0.222,0.287,0.405,0.692
diazya02,2023,Yainer Diaz,24,Maj-AL,Houston,104,377,355,51,100,55,22,0,23,60,11,0,11,74,5,0,6,12,0,0,0.282,0.308,0.538,0.846
heywaja01,2023,Jason Heyward,33,Maj-NL,Los Angeles,124,377,334,56,90,52,23,0,15,40,34,1,33,64,3,0,3,7,2,2,0.27,0.34,0.473,0.813
donovbr01,2023,Brendan Donovan,26,Maj-NL,St. Louis,95,371,327,48,93,71,10,1,11,34,33,2,31,53,9,1,1,4,5,1,0.284,0.365,0.422,0.787
baeji01,2023,Ji Hwan Bae,23,Maj-NL,Pittsburgh,111,371,334,54,77,56,17,2,2,32,30,0,30,92,2,3,2,4,24,9,0.231,0.296,0.311,0.608
cabremi01,2023,Miguel Cabrera,40,Maj-AL,Detroit,98,370,334,21,86,62,20,0,4,34,31,0,31,74,2,0,3,11,0,0,0.258,0.322,0.353,0.675
farmeky01,2023,Kyle Farmer,32,Maj-AL,Minnesota,120,369,336,49,86,59,14,2,11,46,23,0,23,86,8,0,2,7,2,4,0.256,0.317,0.408,0.725
ohearry01,2023,Ryan O'Hearn,29,Maj-AL,Baltimore,112,368,346,48,100,63,22,1,14,60,15,2,13,82,3,1,3,2,5,1,0.289,0.322,0.48,0.801
rogerja03,2023,Jake Rogers,28,Maj-AL,Detroit,107,365,331,47,73,41,11,0,21,49,28,0,28,118,3,1,2,6,1,1,0.221,0.286,0.444,0.73
sirijo01,2023,José Siri,27,Maj-AL,Tampa Bay,101,364,338,58,75,35,13,2,25,56,20,0,20,130,2,1,3,5,12,3,0.222,0.267,0.494,0.761
troutmi01,2023,Mike Trout,31,Maj-AL,Los Angeles,82,362,308,54,81,48,14,1,18,44,45,2,43,104,7,0,2,4,2,0,0.263,0.367,0.49,0.858
duranja01,2023,Jarren Duran,26,Maj-AL,Boston,101,362,332,46,98,54,34,2,8,40,24,1,23,90,3,0,2,3,24,2,0.295,0.346,0.482,0.828
anderbr06,2023,Brian Anderson,30,Maj-NL,Milwaukee,96,361,318,38,72,48,12,3,9,40,36,0,36,108,4,0,3,10,1,3,0.226,0.31,0.368,0.678
kineris01,2023,Isiah Kiner-Falefa,28,Maj-AL,New York,113,361,326,39,79,60,12,1,6,37,28,0,28,70,3,1,3,12,14,5,0.242,0.306,0.341,0.646
moncayo01,2023,Yoán Moncada,28,Maj-AL,Chicago,92,357,334,39,87,55,20,1,11,40,20,0,20,107,2,0,1,6,1,0,0.261,0.305,0.425,0.73
baddoak01,2023,Akil Baddoo,24,Maj-AL,Detroit,112,357,312,40,68,43,13,1,11,34,42,2,40,89,0,2,1,4,14,3,0.218,0.31,0.372,0.682
vazquch01,2023,Christian Vázquez,32,Maj-AL,Minnesota,102,355,327,34,73,54,13,0,6,32,25,1,24,82,1,1,1,11,1,0,0.223,0.28,0.318,0.598
duvalad01,2023,Adam Duvall,34,Maj-AL,Boston,92,353,320,45,79,32,24,2,21,58,22,1,21,110,6,0,5,0,4,0,0.247,0.303,0.531,0.834
bailepa01,2023,Patrick Bailey,24,Maj-NL,San Francisco,97,353,326,29,76,50,18,1,7,48,21,0,21,100,3,2,1,8,1,0,0.233,0.285,0.359,0.644
tellero01,2023,Rowdy Tellez,28,Maj-NL,Milwaukee,105,351,311,26,67,44,9,1,13,47,35,2,33,86,0,0,5,11,0,0,0.215,0.291,0.376,0.667
rojasjo01,2023,Josh Rojas,29,"Maj-AL,Maj-NL","Arizona,Seattle",105,350,314,47,77,56,17,0,4,40,27,0,27,81,1,2,4,3,12,0,0.245,0.304,0.338,0.641
mateojo01,2023,Jorge Mateo,28,Maj-AL,Baltimore,116,350,318,58,69,46,14,2,7,34,22,0,22,82,1,5,3,8,32,5,0.217,0.267,0.34,0.607
wallsta01,2023,Taylor Walls,26,Maj-AL,Tampa Bay,99,349,303,50,61,39,12,2,8,36,44,0,44,92,1,1,0,1,22,1,0.201,0.305,0.333,0.638
buxtoby01,2023,Byron Buxton,29,Maj-AL,Minnesota,85,347,304,49,63,28,17,1,17,42,35,2,33,109,4,0,4,3,9,0,0.207,0.294,0.438,0.731
burleal01,2023,Alec Burleson,24,Maj-NL,St. Louis,107,347,315,34,77,48,20,1,8,36,23,0,23,45,3,1,2,13,3,1,0.244,0.3,0.391,0.691
prattni01,2023,Nick Pratto,24,Maj-AL,Kansas City,95,345,306,33,71,48,16,0,7,35,29,0,29,138,6,0,4,3,1,1,0.232,0.307,0.353,0.66
ariasga01,2023,Gabriel Arias,23,Maj-AL,Cleveland,122,345,315,36,66,41,15,0,10,26,28,0,28,113,1,0,1,9,3,4,0.21,0.275,0.352,0.628
garvemi01,2023,Mitch Garver,32,Maj-AL,Texas,87,344,296,45,80,50,11,0,19,50,44,1,43,82,3,0,0,6,0,0,0.27,0.37,0.5,0.87
sabolbl01,2023,Blake Sabol,25,Maj-NL,San Francisco,110,344,310,36,73,50,10,0,13,44,24,0,24,117,6,2,2,4,4,2,0.236,0.301,0.394,0.695
baderha01,2023,Harrison Bader,29,"Maj-AL,Maj-NL","Cincinnati,New York",98,344,319,44,74,53,12,2,7,40,17,0,17,59,3,1,4,7,20,3,0.232,0.274,0.348,0.622
diazal02,2023,Aledmys Díaz,32,Maj-AL,Oakland,109,344,315,25,72,47,20,1,4,24,17,2,15,66,7,1,4,14,1,0,0.229,0.28,0.337,0.616
sheetga01,2023,Gavin Sheets,27,Maj-AL,Chicago,117,344,311,24,63,43,10,0,10,43,28,2,26,66,1,0,4,6,1,0,0.203,0.267,0.331,0.599
polanjo01,2023,Jorge Polanco,29,Maj-AL,Minnesota,80,343,302,38,77,45,18,0,14,48,36,0,36,88,2,0,3,2,4,0,0.255,0.335,0.454,0.789
meyerja02,2023,Jake Meyers,27,Maj-AL,Houston,112,341,309,42,70,43,16,1,10,33,26,0,26,88,5,0,1,2,5,2,0.227,0.296,0.382,0.678
martest01,2023,Starling Marte,34,Maj-NL,New York,86,341,315,38,78,65,7,1,5,28,16,1,15,69,8,2,0,8,24,4,0.248,0.301,0.324,0.625
biggica01,2023,Cavan Biggio,28,Maj-AL,Toronto,111,338,289,54,68,47,12,0,9,40,40,0,40,88,7,0,2,0,5,2,0.235,0.34,0.37,0.71
waterdr01,2023,Drew Waters,24,Maj-AL,Kansas City,98,337,302,40,69,45,11,5,8,32,27,0,27,107,5,0,3,4,16,5,0.229,0.3,0.378,0.677
margoma01,2023,Manuel Margot,28,Maj-AL,Tampa Bay,99,336,311,39,82,56,21,1,4,38,18,0,18,55,4,0,3,6,9,3,0.264,0.31,0.376,0.686
jeffery01,2023,Ryan Jeffers,26,Maj-AL,Minnesota,96,335,286,46,79,48,15,2,14,43,33,1,32,93,10,4,2,6,3,2,0.276,0.369,0.49,0.858
bryankr01,2023,Kris Bryant,31,Maj-NL,Colorado,80,335,300,36,70,50,10,0,10,31,29,0,29,68,6,0,0,6,0,0,0.233,0.313,0.367,0.68
gallojo01,2023,Joey Gallo,29,Maj-AL,Minnesota,111,332,282,39,50,19,9,1,21,40,48,1,47,142,2,0,0,3,1,1,0.177,0.301,0.44,0.741
bethach01,2023,Christian Bethancourt,31,Maj-AL,Tampa Bay,104,332,315,49,71,44,16,0,11,33,13,0,13,91,0,1,3,6,1,0,0.225,0.254,0.381,0.635
senzeni01,2023,Nick Senzel,28,Maj-NL,Cincinnati,104,330,301,49,71,48,10,0,13,42,26,0,26,74,1,0,2,9,6,2,0.236,0.297,0.399,0.696
gourryu01,2023,Yuli Gurriel,39,Maj-NL,Miami,109,330,299,32,74,51,16,3,4,28,26,3,23,44,1,0,4,13,4,0,0.248,0.306,0.361,0.667
cabreos01,2023,Oswaldo Cabrera,24,Maj-AL,New York,114,330,298,35,63,47,11,0,5,29,25,1,24,72,2,3,2,6,8,0,0.211,0.275,0.299,0.574
bensowi01,2023,Will Benson,25,Maj-NL,Cincinnati,108,329,287,51,79,45,15,8,11,31,40,0,40,103,1,0,1,3,19,3,0.275,0.365,0.498,0.863
netoza01,2023,Zach Neto,22,Maj-AL,Los Angeles,84,329,289,38,65,39,17,0,9,34,20,0,20,77,16,1,3,5,5,1,0.225,0.308,0.377,0.685
allenni02,2023,Nick Allen,24,Maj-AL,Oakland,106,329,303,29,67,57,4,2,4,20,17,0,17,52,1,6,2,8,5,1,0.221,0.263,0.287,0.55
segurje01,2023,Jean Segura,33,Maj-NL,Miami,85,326,301,25,66,56,5,2,3,21,22,1,21,47,2,1,0,12,6,2,0.219,0.277,0.279,0.556
moniami01,2023,Mickey Moniak,25,Maj-AL,Los Angeles,85,323,311,35,87,50,21,2,14,45,9,1,8,113,3,0,0,4,6,3,0.28,0.307,0.495,0.802
julksco01,2023,Corey Julks,27,Maj-AL,Houston,93,323,298,35,73,53,14,0,6,33,22,0,22,75,1,0,2,6,15,3,0.245,0.297,0.352,0.65
forteni01,2023,Nick Fortes,26,Maj-NL,Miami,108,323,294,33,60,44,10,0,6,26,17,0,17,59,7,3,2,12,4,2,0.204,0.263,0.299,0.562
crawfbr01,2023,Brandon Crawford,36,Maj-NL,San Francisco,93,320,283,31,55,36,11,1,7,38,28,1,27,81,4,1,4,5,3,0,0.194,0.273,0.315,0.587
kirilal01,2023,Alex Kirilloff,25,Maj-AL,Minnesota,88,319,281,35,76,50,14,1,11,41,28,1,27,80,7,0,3,2,1,0,0.271,0.348,0.445,0.793
vogelda01,2023,Daniel Vogelbach,30,Maj-NL,New York,104,319,275,33,64,43,8,0,13,48,42,1,41,81,2,0,0,6,0,0,0.233,0.339,0.404,0.742
wendljo01,2023,Joey Wendle,33,Maj-NL,Miami,112,318,297,33,63,42,16,3,2,20,13,0,13,67,2,3,3,8,7,1,0.212,0.248,0.306,0.554
monasan01,2023,Andruw Monasterio,26,Maj-NL,Milwaukee,92,315,282,38,73,55,14,1,3,27,28,0,28,66,3,0,2,9,7,2,0.259,0.33,0.348,0.678
milleow01,2023,Owen Miller,26,Maj-NL,Milwaukee,90,314,291,29,76,54,17,0,5,27,17,1,16,61,2,0,4,6,13,2,0.261,0.303,0.371,0.674
isbelky01,2023,Kyle Isbel,26,Maj-AL,Kansas City,91,313,292,45,70,41,22,2,5,34,17,0,17,59,1,1,2,5,7,1,0.24,0.282,0.38,0.662
hicksaa01,2023,Aaron Hicks,33,Maj-AL,"Baltimore,New York",93,312,269,44,68,50,9,1,8,36,42,1,41,69,0,0,1,3,6,0,0.253,0.353,0.383,0.736
mccarja02,2023,Jake McCarthy,25,Maj-NL,Arizona,99,312,276,37,67,53,7,5,2,16,26,0,26,62,5,4,1,4,26,4,0.243,0.318,0.326,0.644
escobed01,2023,Eduardo Escobar,34,"Maj-AL,Maj-NL","Los Angeles,New York",99,309,288,32,65,48,6,5,6,31,18,0,18,78,0,1,2,7,2,1,0.226,0.27,0.344,0.613
monteel01,2023,Elehuris Montero,24,Maj-NL,Colorado,85,307,284,40,69,41,15,2,11,39,15,0,15,111,5,0,3,5,0,0,0.243,0.29,0.426,0.716
thaisma01,2023,Matt Thaiss,28,Maj-AL,Los Angeles,95,307,262,32,56,41,6,0,9,31,36,1,35,83,6,0,3,4,2,0,0.214,0.319,0.34,0.659
vargami01,2023,Miguel Vargas,23,Maj-NL,Los Angeles,81,304,256,36,50,24,15,4,7,32,38,1,37,61,4,1,4,1,3,2,0.195,0.305,0.367,0.672
bledajj01,2023,JJ Bleday,25,Maj-AL,Oakland,82,303,256,35,50,29,11,0,10,27,42,0,42,72,2,0,3,3,5,1,0.195,0.31,0.356,0.666
wisdopa01,2023,Patrick Wisdom,31,Maj-NL,Chicago,97,302,268,43,55,23,8,1,23,46,30,0,30,111,2,1,1,4,4,2,0.205,0.289,0.5,0.789
janseda01,2023,Danny Jansen,28,Maj-AL,Toronto,86,301,268,38,61,29,15,0,17,53,23,1,22,62,10,0,0,3,0,0,0.228,0.312,0.474,0.786
gelofza01,2023,Zack Gelof,23,Maj-AL,Oakland,69,300,270,40,72,37,20,1,14,32,26,1,25,82,3,0,1,5,14,2,0.267,0.337,0.504,0.84
sosaed01,2023,Edmundo Sosa,27,Maj-NL,Philadelphia,104,300,279,34,70,43,15,2,10,30,8,0,8,74,9,2,1,10,4,2,0.251,0.293,0.427,0.719
madrini01,2023,Nick Madrigal,26,Maj-NL,Chicago,91,294,270,34,71,52,16,1,2,28,10,0,10,24,9,5,0,3,10,2,0.263,0.311,0.352,0.663
diazjo03,2023,Jordan Diaz,22,Maj-AL,Oakland,90,293,272,20,60,41,9,0,10,27,17,0,17,69,3,0,1,10,0,1,0.221,0.273,0.364,0.637
matonni01,2023,Nick Maton,26,Maj-AL,Detroit,93,293,249,29,43,26,9,0,8,32,38,1,37,73,3,1,2,4,1,2,0.173,0.288,0.305,0.593
haaseer01,2023,Eric Haase,30,Maj-AL,"Cleveland,Detroit",89,293,274,22,55,42,8,1,4,26,17,1,16,81,0,1,1,11,4,1,0.201,0.247,0.281,0.528
darnatr01,2023,Travis d'Arnaud,34,Maj-NL,Atlanta,74,292,267,31,60,36,13,0,11,39,21,0,21,67,3,0,1,6,0,0,0.225,0.288,0.397,0.685
jankotr01,2023,Travis Jankowski,32,Maj-AL,Texas,107,287,247,34,65,51,12,1,1,30,35,0,35,42,2,1,2,6,19,1,0.263,0.357,0.332,0.689
vargail01,2023,Ildemaro Vargas,31,Maj-NL,Washington,86,286,262,32,66,47,13,2,4,31,19,0,19,20,1,3,1,10,1,1,0.252,0.304,0.363,0.667
riverem01,2023,Emmanuel Rivera,27,Maj-NL,Arizona,86,283,257,32,67,50,13,0,4,29,22,0,22,56,0,0,4,9,1,0,0.261,0.315,0.358,0.673
cabaljo01,2023,José Caballero,26,Maj-AL,Seattle,104,280,231,37,51,37,9,1,4,26,28,0,28,66,17,0,4,0,26,3,0.221,0.343,0.32,0.663
croncj01,2023,C.J. Cron,33,"Maj-AL,Maj-NL","Colorado,Los Angeles",71,278,258,38,64,40,12,0,12,37,17,0,17,65,1,0,2,13,0,0,0.248,0.295,0.434,0.729
schmica01,2023,Casey Schmitt,24,Maj-NL,San Francisco,90,277,253,28,52,32,15,0,5,30,13,0,13,65,5,3,3,7,2,1,0.206,0.256,0.324,0.58
stallja01,2023,Jacob Stallings,33,Maj-NL,Miami,88,276,241,22,46,29,14,0,3,20,27,0,27,67,3,3,2,9,0,0,0.191,0.278,0.286,0.565
bauerja01,2023,Jake Bauers,27,Maj-AL,New York,84,272,242,28,49,22,15,0,12,30,27,0,27,95,0,0,3,3,3,2,0.203,0.279,0.413,0.693
garrest01,2023,Stone Garrett,27,Maj-NL,Washington,89,271,234,40,63,37,17,0,9,40,26,0,26,82,3,0,5,6,3,1,0.269,0.343,0.457,0.801
castrha01,2023,Harold Castro,29,Maj-NL,Colorado,99,270,258,24,65,51,13,0,1,31,9,0,9,66,0,1,2,5,1,0,0.252,0.275,0.314,0.589
sanchga02,2023,Gary Sánchez,30,Maj-NL,"New York,San Diego",75,267,240,33,52,24,9,0,19,47,21,0,21,67,4,0,2,3,0,0,0.217,0.288,0.492,0.78
oneilty01,2023,Tyler O'Neill,28,Maj-NL,St. Louis,72,266,238,27,55,32,14,0,9,21,28,0,28,67,0,0,0,5,5,0,0.231,0.312,0.403,0.715
palacjo01,2023,Joshua Palacios,27,Maj-NL,Pittsburgh,91,264,247,26,59,38,9,2,10,40,12,0,12,56,2,2,1,7,5,0,0.239,0.279,0.413,0.692
mancitr01,2023,Trey Mancini,31,Maj-NL,Chicago,79,263,235,31,55,39,12,0,4,28,21,1,20,78,2,0,3,5,0,0,0.234,0.299,0.336,0.635
colasos01,2023,Oscar Colás,24,Maj-AL,Chicago,75,263,245,32,53,39,9,0,5,19,12,1,11,71,2,2,2,5,4,3,0.216,0.257,0.314,0.571
lopezni01,2023,Nicky Lopez,28,"Maj-AL,Maj-NL","Atlanta,Kansas City",93,262,225,32,52,40,8,3,1,25,26,0,26,40,6,4,1,3,6,2,0.231,0.326,0.307,0.632
pasquvi01,2023,Vinnie Pasquantino,25,Maj-AL,Kansas City,61,260,231,24,57,31,17,0,9,26,25,2,23,31,2,0,1,7,0,0,0.247,0.324,0.437,0.762
higasky01,2023,Kyle Higashioka,33,Maj-AL,New York,92,260,242,24,57,34,13,0,10,34,14,0,14,74,0,1,3,5,0,0,0.236,0.274,0.413,0.687
castrro01,2023,Rodolfo Castro,24,Maj-NL,"Philadelphia,Pittsburgh",92,256,227,21,48,35,7,0,6,24,23,1,22,74,5,0,1,4,1,4,0.212,0.297,0.322,0.619
faircst01,2023,Stuart Fairchild,27,Maj-NL,Cincinnati,97,255,219,34,50,27,16,2,5,28,25,0,25,69,6,3,2,2,10,3,0.228,0.321,0.388,0.71
davishe01,2023,Henry Davis,23,Maj-NL,Pittsburgh,62,255,225,27,48,31,10,0,7,24,25,2,23,69,4,0,1,3,3,5,0.213,0.302,0.351,0.653
carlsdy01,2023,Dylan Carlson,24,Maj-NL,St. Louis,76,255,219,27,48,34,8,1,5,27,26,0,26,49,7,0,3,4,3,0,0.219,0.318,0.333,0.651
wallnma01,2023,Matt Wallner,25,Maj-AL,Minnesota,76,254,213,42,53,27,11,1,14,41,28,1,27,80,13,0,0,1,2,1,0.249,0.37,0.507,0.877
espinsa01,2023,Santiago Espinal,28,Maj-AL,Toronto,93,254,230,30,57,41,14,0,2,25,18,1,17,36,3,2,1,5,2,1,0.248,0.31,0.335,0.644
newmake01,2023,Kevin Newman,29,Maj-NL,Cincinnati,74,253,225,28,57,38,16,0,3,28,17,0,17,34,4,2,5,7,8,1,0.253,0.311,0.364,0.675
matoslu02,2023,Luis Matos,21,Maj-NL,San Francisco,76,253,228,24,57,41,13,1,2,14,20,0,20,33,3,2,0,3,3,0,0.25,0.319,0.342,0.661
shortza01,2023,Zack Short,28,Maj-AL,Detroit,109,253,221,17,45,29,9,0,7,33,28,0,28,66,0,3,1,3,5,0,0.204,0.292,0.339,0.631
hampsga01,2023,Garrett Hampson,28,Maj-NL,Miami,98,252,221,30,61,45,12,1,3,23,23,0,23,67,3,3,2,3,5,0,0.276,0.349,0.38,0.73
fordmi01,2023,Mike Ford,30,Maj-AL,Seattle,83,251,219,32,50,28,6,0,16,34,24,0,24,81,7,0,1,4,0,0,0.228,0.323,0.475,0.798
wongko01,2023,Kolten Wong,32,"Maj-AL,Maj-NL","Los Angeles,Seattle",87,250,224,25,41,31,6,0,4,27,18,0,18,53,5,0,3,1,3,2,0.183,0.256,0.263,0.519
tayloty01,2023,Tyrone Taylor,29,Maj-NL,Milwaukee,81,243,231,36,54,26,17,1,10,35,8,0,8,55,3,0,1,10,9,0,0.234,0.268,0.446,0.713
refsnro01,2023,Rob Refsnyder,32,Maj-AL,Boston,88,243,202,31,50,39,9,1,1,28,33,0,33,47,5,1,1,8,7,2,0.248,0.365,0.317,0.682
vottojo01,2023,Joey Votto,39,Maj-NL,Cincinnati,65,242,208,26,42,22,6,0,14,38,27,0,27,62,7,0,0,2,0,0,0.202,0.314,0.433,0.747
encarch01,2023,Christian Encarnacion-Strand,23,Maj-NL,Cincinnati,63,241,222,29,60,40,7,0,13,37,14,0,14,69,5,0,0,5,2,0,0.27,0.328,0.478,0.805
kniznan01,2023,Andrew Knizner,28,Maj-NL,St. Louis,70,241,224,30,54,33,11,0,10,31,12,0,12,62,3,1,1,8,2,0,0.241,0.288,0.424,0.712
lewisro02,2023,Royce Lewis,24,Maj-AL,Minnesota,58,239,217,36,67,45,7,0,15,52,20,0,20,55,2,0,0,5,6,1,0.309,0.372,0.548,0.921
longoev01,2023,Evan Longoria,37,Maj-NL,Arizona,74,237,211,25,47,27,9,0,11,28,23,0,23,73,0,0,3,8,0,0,0.223,0.295,0.422,0.717
carpema01,2023,Matt Carpenter,37,Maj-NL,San Diego,76,237,188,18,33,16,12,0,5,31,41,0,41,67,2,0,5,2,1,0,0.176,0.322,0.319,0.641
fermifr01,2023,Freddy Fermin,28,Maj-AL,Kansas City,70,235,217,26,61,41,10,1,9,32,13,0,13,50,1,1,3,11,0,0,0.281,0.321,0.461,0.781
vientma01,2023,Mark Vientos,23,Maj-NL,New York,65,233,218,19,46,31,5,1,9,22,10,0,10,71,3,0,2,5,1,0,0.211,0.253,0.367,0.62
smithjo11,2023,Josh H. Smith,25,Maj-AL,Texas,90,232,195,29,36,21,8,1,6,15,25,0,25,55,9,2,1,3,1,0,0.185,0.304,0.328,0.633
naylobo01,2023,Bo Naylor,23,Maj-AL,Cleveland,67,230,198,33,47,23,13,0,11,32,30,1,29,53,1,0,1,2,5,0,0.237,0.339,0.47,0.809
hanigmi01,2023,Mitch Haniger,32,Maj-NL,San Francisco,61,229,211,27,44,24,13,1,6,28,15,0,15,65,2,0,1,7,1,0,0.209,0.266,0.365,0.631
westbjo01,2023,Jordan Westburg,24,Maj-AL,Baltimore,68,228,208,26,54,32,17,2,3,23,16,0,16,56,1,0,3,3,4,1,0.26,0.311,0.404,0.715
urshegi01,2023,Gio Urshela,31,Maj-AL,Los Angeles,62,228,214,22,64,53,8,1,2,24,10,0,10,36,1,0,3,9,3,2,0.299,0.329,0.374,0.703
smithpa04,2023,Pavin Smith,27,Maj-NL,Arizona,67,228,191,26,36,24,5,0,7,30,35,0,35,45,1,0,0,3,1,1,0.189,0.317,0.325,0.642
trejoal01,2023,Alan Trejo,27,Maj-NL,Colorado,82,227,207,24,48,33,11,0,4,26,16,0,16,51,1,1,2,3,5,1,0.232,0.288,0.343,0.631
caratvi01,2023,Víctor Caratini,29,Maj-NL,Milwaukee,62,226,201,23,52,41,4,0,7,25,19,0,19,45,3,0,3,8,1,1,0.259,0.327,0.383,0.711
mccanja02,2023,James McCann,33,Maj-AL,Baltimore,69,226,207,25,46,26,14,0,6,26,9,0,9,57,5,3,2,5,3,1,0.222,0.269,0.377,0.646
frelisa01,2023,Sal Frelick,23,Maj-NL,Milwaukee,57,223,191,29,47,34,9,1,3,24,28,0,28,37,1,0,3,2,7,0,0.246,0.341,0.351,0.692
marcatu01,2023,Tucupita Marcano,23,Maj-NL,Pittsburgh,75,220,202,16,47,30,12,2,3,18,10,0,10,35,3,3,2,2,5,2,0.233,0.277,0.356,0.633
pegueli01,2023,Liover Peguero,22,Maj-NL,Pittsburgh,59,213,198,21,47,35,4,1,7,26,11,0,11,67,1,2,1,6,6,2,0.237,0.28,0.374,0.653
larnatr01,2023,Trevor Larnach,26,Maj-AL,Minnesota,58,212,183,26,39,21,7,3,8,40,27,1,26,72,0,0,2,2,1,1,0.213,0.311,0.415,0.727
hedgeau01,2023,Austin Hedges,30,"Maj-AL,Maj-NL","Pittsburgh,Texas",81,212,185,14,34,28,5,0,1,16,11,0,11,47,2,10,3,7,1,0,0.184,0.234,0.227,0.461
ahmedni01,2023,Nick Ahmed,33,Maj-NL,Arizona,72,210,198,14,42,29,10,1,2,17,12,0,12,52,0,0,0,0,5,1,0.212,0.257,0.303,0.56
triolja01,2023,Jared Triolo,25,Maj-NL,Pittsburgh,54,209,181,30,54,42,9,0,3,21,24,0,24,63,3,0,1,0,6,1,0.298,0.388,0.398,0.785
duffyma01,2023,Matt Duffy,32,Maj-AL,Kansas City,78,209,191,17,48,38,8,0,2,16,12,0,12,39,4,0,2,4,1,0,0.251,0.306,0.325,0.631
slateau01,2023,Austin Slater,30,Maj-NL,San Francisco,88,207,185,24,50,36,9,0,5,20,20,0,20,58,2,0,0,2,2,2,0.27,0.348,0.4,0.748
mcguire01,2023,Reese McGuire,28,Maj-AL,Boston,72,206,187,15,50,36,12,1,1,16,11,0,11,53,1,2,1,2,2,1,0.267,0.31,0.358,0.668
pillake01,2023,Kevin Pillar,34,Maj-NL,Atlanta,81,206,197,29,45,26,10,0,9,32,6,0,6,50,0,0,3,2,4,1,0.228,0.248,0.416,0.664
arroych01,2023,Christian Arroyo,28,Maj-AL,Boston,66,206,195,23,47,28,16,0,3,24,7,0,7,45,1,1,2,8,1,3,0.241,0.268,0.369,0.638
rodrien01,2023,Endy Rodríguez,23,Maj-NL,Pittsburgh,57,204,186,27,41,29,7,2,3,13,17,0,17,49,0,0,1,3,0,0,0.22,0.284,0.328,0.612
caveja01,2023,Jake Cave,30,Maj-NL,Philadelphia,65,203,184,18,39,25,8,1,5,21,15,0,15,55,1,1,2,3,3,0,0.212,0.272,0.348,0.62
barneau01,2023,Austin Barnes,33,Maj-NL,Los Angeles,59,200,178,15,32,25,5,0,2,11,17,0,17,43,2,1,2,7,2,1,0.18,0.256,0.242,0.498
ohopplo01,2023,Logan O'Hoppe,23,Maj-AL,Los Angeles,51,199,182,23,43,23,6,0,14,29,14,0,14,48,2,0,1,4,0,1,0.236,0.297,0.5,0.797
mailelu01,2023,Luke Maile,32,Maj-NL,Cincinnati,74,199,179,17,42,26,10,0,6,25,14,0,14,49,5,1,0,8,2,1,0.235,0.308,0.391,0.699
winkeje01,2023,Jesse Winker,29,Maj-NL,Milwaukee,60,197,166,16,33,27,5,0,1,23,26,0,26,51,4,0,1,0,0,0,0.199,0.32,0.247,0.567
zavalse01,2023,Seby Zavala,29,"Maj-AL,Maj-NL","Arizona,Chicago",73,193,175,17,30,19,4,0,7,18,12,0,12,70,2,2,2,4,1,0,0.171,0.23,0.314,0.545
rodgebr02,2023,Brendan Rodgers,26,Maj-NL,Colorado,46,192,178,21,46,32,9,1,4,20,11,0,11,41,3,0,0,6,0,0,0.258,0.313,0.388,0.7
perazos02,2023,Oswald Peraza,23,Maj-AL,New York,52,191,173,15,33,23,8,0,2,14,13,0,13,50,5,0,0,1,4,3,0.191,0.267,0.272,0.539
donaljo02,2023,Josh Donaldson,37,"Maj-AL,Maj-NL","Milwaukee,New York",50,189,165,18,25,7,5,0,13,26,22,0,22,50,0,0,2,6,0,0,0.152,0.249,0.418,0.667
perezca02,2023,Carlos Pérez,32,Maj-AL,Oakland,66,189,168,17,38,28,4,0,6,20,13,0,13,40,4,1,3,4,0,0,0.226,0.293,0.357,0.65
delayja01,2023,Jason Delay,28,Maj-NL,Pittsburgh,70,187,167,20,42,29,11,1,1,18,14,0,14,44,3,2,1,5,0,0,0.252,0.319,0.347,0.666
stewadj01,2023,DJ Stewart,29,Maj-NL,New York,58,185,160,21,39,19,9,0,11,26,15,0,15,56,7,1,1,3,1,1,0.244,0.333,0.506,0.84
reyespa01,2023,Pablo Reyes,29,Maj-AL,Boston,64,185,167,27,48,37,9,0,2,20,14,0,14,21,0,2,2,3,7,2,0.287,0.339,0.377,0.716
rendoan01,2023,Anthony Rendon,33,Maj-AL,Los Angeles,43,183,148,23,35,27,6,0,2,22,25,0,25,27,6,0,4,6,2,0,0.237,0.361,0.318,0.678
canzodo01,2023,Dominic Canzone,25,"Maj-AL,Maj-NL","Arizona,Seattle",59,182,173,23,38,19,13,0,6,21,8,0,8,32,1,0,0,5,1,0,0.22,0.258,0.399,0.657
gonzaos01,2023,Oscar González,25,Maj-AL,Cleveland,54,180,173,15,37,26,7,2,2,12,5,0,5,46,1,0,1,2,0,0,0.214,0.239,0.312,0.551
velazne01,2023,Nelson Velázquez,24,"Maj-AL,Maj-NL","Chicago,Kansas City",53,179,162,35,38,15,6,0,17,34,14,0,14,51,2,0,1,3,0,0,0.235,0.302,0.586,0.888
thomptr01,2023,Trayce Thompson,32,"Maj-AL,Maj-NL","Chicago,Los Angeles",72,179,153,17,25,17,2,0,6,17,24,0,24,77,2,0,0,1,2,0,0.163,0.285,0.294,0.579
uriaslu01,2023,Luis Urías,26,"Maj-AL,Maj-NL","Boston,Milwaukee",52,177,144,18,28,19,6,0,3,18,21,0,21,41,10,0,0,4,0,0,0.194,0.337,0.299,0.636
aluja01,2023,Jake Alu,26,Maj-NL,Washington,51,175,159,14,36,31,2,1,2,16,10,0,10,42,3,1,2,2,5,1,0.226,0.282,0.289,0.571
campulu01,2023,Luis Campusano,24,Maj-NL,San Diego,49,174,163,27,52,38,7,0,7,30,7,0,7,21,3,0,1,8,0,0,0.319,0.356,0.491,0.847
calhoko01,2023,Kole Calhoun,35,Maj-AL,Cleveland,43,174,157,18,34,21,7,0,6,25,13,0,13,37,2,0,2,3,0,1,0.217,0.282,0.376,0.657
sosale01,2023,Lenyn Sosa,23,Maj-AL,Chicago,52,173,164,12,33,21,6,0,6,14,5,1,4,40,0,3,1,3,0,1,0.201,0.224,0.348,0.571
wallach01,2023,Chad Wallach,31,Maj-AL,Los Angeles,65,172,157,18,31,18,5,1,7,15,13,0,13,57,0,2,0,5,0,1,0.198,0.259,0.376,0.635
tapiara01,2023,Raimel Tapia,29,"Maj-AL,Maj-NL","Boston,Milwaukee,Tampa Bay",63,169,148,28,35,27,4,1,3,13,17,0,17,40,1,1,1,2,10,2,0.237,0.317,0.338,0.655
perkibl01,2023,Blake Perkins,26,Maj-NL,Milwaukee,67,168,143,28,31,20,7,0,4,20,23,0,23,46,0,2,0,3,5,2,0.217,0.325,0.35,0.675
freemty01,2023,Tyler Freeman,24,Maj-AL,Cleveland,64,168,153,20,37,26,7,0,4,18,10,0,10,30,2,2,1,3,5,0,0.242,0.295,0.366,0.661
trevijo01,2023,Jose Trevino,30,Maj-AL,New York,55,168,157,15,33,25,4,0,4,15,8,0,8,22,2,1,0,6,0,0,0.21,0.258,0.312,0.57
storytr01,2023,Trevor Story,30,Maj-AL,Boston,43,168,158,12,32,20,9,0,3,14,9,0,9,55,1,0,0,2,10,3,0.203,0.25,0.317,0.567
mooredy01,2023,Dylan Moore,30,Maj-AL,Seattle,67,165,145,18,30,13,9,1,7,19,16,0,16,56,4,0,0,1,7,3,0.207,0.303,0.428,0.731
rojasjo03,2023,Johan Rojas,22,Maj-NL,Philadelphia,59,164,149,24,45,32,9,2,2,23,5,0,5,42,4,6,0,1,14,1,0.302,0.342,0.43,0.771
mejiafr01,2023,Francisco Mejía,27,Maj-AL,Tampa Bay,50,160,150,22,34,18,11,0,5,19,6,0,6,38,1,1,2,2,0,1,0.227,0.258,0.4,0.658
remilza01,2023,Zach Remillard,29,Maj-AL,Chicago,54,160,147,16,37,29,7,0,1,18,8,1,7,48,1,4,0,3,4,3,0.252,0.295,0.32,0.615
murphto04,2023,Tom Murphy,32,Maj-AL,Seattle,47,159,145,19,42,22,12,0,8,17,10,0,10,44,1,0,2,4,0,0,0.29,0.335,0.538,0.873
adamsri03,2023,Riley Adams,27,Maj-NL,Washington,44,158,143,8,39,20,13,2,4,21,11,0,11,45,2,1,1,5,0,0,0.273,0.331,0.476,0.807
odorro01,2023,Rougned Odor,29,Maj-NL,San Diego,59,157,138,21,28,15,9,0,4,18,17,0,17,37,2,0,0,2,2,1,0.203,0.299,0.355,0.655
amayami01,2023,Miguel Amaya,24,Maj-NL,Chicago,53,156,131,17,28,19,4,0,5,18,12,0,12,40,11,1,1,2,0,0,0.214,0.329,0.359,0.688
nolaau01,2023,Austin Nola,33,Maj-NL,San Diego,52,154,130,9,19,15,3,0,1,8,18,0,18,31,2,4,0,5,0,0,0.146,0.26,0.192,0.452
cruzne02,2023,Nelson Cruz,42,Maj-NL,San Diego,49,152,143,9,35,24,5,1,5,23,6,1,5,46,2,0,1,2,1,0,0.245,0.283,0.399,0.682
dickeco01,2023,Corey Dickerson,34,Maj-NL,Washington,50,152,144,12,36,26,7,1,2,17,7,0,7,28,0,0,1,3,0,1,0.25,0.283,0.354,0.637
miranjo01,2023,José Miranda,25,Maj-AL,Minnesota,40,152,142,12,30,23,4,0,3,13,9,0,9,24,1,0,0,8,0,0,0.211,0.263,0.303,0.566
toglimi01,2023,Michael Toglia,24,Maj-NL,Colorado,45,152,141,18,23,14,5,0,4,9,10,0,10,50,1,0,0,3,1,1,0.163,0.224,0.284,0.507
kellyca02,2023,Carson Kelly,28,"Maj-AL,Maj-NL","Arizona,Detroit",50,151,136,13,28,21,5,0,2,13,14,0,14,40,0,0,1,2,1,0,0.206,0.278,0.287,0.565
schoojo01,2023,Jonathan Schoop,31,Maj-AL,Detroit,55,151,136,15,29,21,8,0,0,7,13,0,13,37,0,0,2,6,0,0,0.213,0.278,0.272,0.55
valdeen01,2023,Enmanuel Valdez,24,Maj-AL,Boston,49,149,139,17,37,23,8,0,6,19,8,0,8,37,1,0,0,4,5,1,0.266,0.311,0.453,0.764
calhowi01,2023,Willie Calhoun,28,Maj-AL,New York,44,149,134,16,32,20,7,0,5,16,14,1,13,20,0,0,1,2,0,0,0.239,0.309,0.403,0.712
garcijo02,2023,José Barrero,25,Maj-NL,Cincinnati,46,149,133,15,29,19,8,0,2,17,15,0,15,44,0,0,1,1,3,2,0.218,0.295,0.323,0.619
mastrmi01,2023,Miles Mastrobuoni,27,Maj-NL,Chicago,60,149,133,24,32,26,5,0,1,5,13,0,13,32,0,3,0,1,13,1,0.241,0.308,0.301,0.609
gallaca01,2023,Cam Gallagher,30,Maj-AL,Cleveland,56,149,143,6,18,12,6,0,0,7,4,0,4,46,1,0,1,3,0,0,0.126,0.154,0.168,0.322
clemeko01,2023,Kody Clemens,27,Maj-NL,Philadelphia,47,148,139,15,32,21,7,0,4,13,8,0,8,40,1,0,0,1,0,0,0.23,0.277,0.367,0.644
mckinbi01,2023,Billy McKinney,28,Maj-AL,New York,48,147,128,19,29,19,3,1,6,14,17,1,16,39,1,0,1,1,1,0,0.227,0.32,0.406,0.726
narvaom01,2023,Omar Narváez,31,Maj-NL,New York,49,146,128,12,27,20,5,0,2,7,14,0,14,27,0,1,3,1,0,0,0.211,0.283,0.297,0.58
smithke05,2023,Kevin Smith,26,Maj-AL,Oakland,49,146,135,15,25,16,4,0,5,11,5,0,5,51,1,5,0,3,1,0,0.185,0.22,0.326,0.546
meadopa01,2023,Parker Meadows,23,Maj-AL,Detroit,37,145,125,19,29,20,4,2,3,13,17,1,16,37,2,0,1,0,8,1,0.232,0.331,0.368,0.699
wynnsau01,2023,Austin Wynns,32,Maj-NL,"Colorado,Los Angeles,San Francisco",51,145,130,11,27,20,6,0,1,10,9,0,9,39,2,3,1,4,1,0,0.208,0.268,0.277,0.545
polloaj01,2023,AJ Pollock,35,"Maj-AL,Maj-NL","San Francisco,Seattle",54,144,133,15,22,13,4,0,5,15,9,0,9,32,0,0,2,1,0,1,0.165,0.215,0.308,0.524
schneda03,2023,Davis Schneider,24,Maj-AL,Toronto,35,141,116,23,32,11,12,1,8,20,21,0,21,43,4,0,0,2,1,0,0.276,0.404,0.603,1.008
myerswi01,2023,Wil Myers,32,Maj-NL,Cincinnati,36,141,127,11,24,18,3,0,3,12,12,0,12,48,0,1,1,3,2,1,0.189,0.257,0.284,0.541
zuninmi01,2023,Mike Zunino,32,Maj-AL,Cleveland,42,140,124,11,22,12,7,0,3,11,15,0,15,61,1,0,0,3,0,0,0.177,0.271,0.307,0.578
villada01,2023,David Villar,26,Maj-NL,San Francisco,46,140,124,15,18,7,6,0,5,12,11,0,11,45,4,0,1,1,1,1,0.145,0.236,0.315,0.55
battema01,2023,Matthew Batten,28,Maj-NL,San Diego,43,139,120,19,31,23,6,0,2,11,17,0,17,30,1,1,0,0,2,2,0.258,0.355,0.358,0.713
mckenry01,2023,Ryan McKenna,26,Maj-AL,Baltimore,88,139,122,23,31,22,7,0,2,18,9,0,9,40,3,3,2,4,5,0,0.254,0.316,0.361,0.677
blancda02,2023,Dairon Blanco,30,Maj-AL,Kansas City,69,138,124,19,32,18,7,4,3,18,10,0,10,33,2,2,0,2,24,5,0.258,0.324,0.452,0.775
soderty01,2023,Tyler Soderstrom,21,Maj-AL,Oakland,45,138,125,9,20,16,1,0,3,7,11,0,11,43,1,0,1,6,0,0,0.16,0.232,0.24,0.472
winnma01,2023,Masyn Winn,21,Maj-NL,St. Louis,37,137,122,8,21,17,2,0,2,12,10,0,10,26,0,2,3,1,2,1,0.172,0.23,0.238,0.467
ortegra01,2023,Rafael Ortega,32,Maj-NL,New York,47,136,114,16,25,21,3,0,1,8,20,0,20,33,1,1,0,0,6,1,0.219,0.341,0.272,0.613
schanno01,2023,Nolan Schanuel,21,Maj-AL,Los Angeles,29,132,109,19,30,26,3,0,1,6,20,1,19,19,3,0,0,1,0,0,0.275,0.402,0.33,0.732
wiselbr01,2023,Brett Wisely,24,Maj-NL,San Francisco,51,131,120,10,21,14,5,0,2,8,9,0,9,40,0,1,1,2,2,1,0.175,0.231,0.267,0.498
butlela01,2023,Lawrence Butler,22,Maj-AL,Oakland,42,129,123,10,26,18,4,0,4,10,4,0,4,35,1,0,1,5,0,0,0.211,0.24,0.342,0.582
gonzani01,2023,Nick Gonzales,24,Maj-NL,Pittsburgh,35,128,115,12,24,13,8,1,2,13,6,0,6,36,4,1,2,0,0,1,0.209,0.268,0.348,0.616
roblevi01,2023,Víctor Robles,26,Maj-NL,Washington,36,126,107,15,32,26,5,1,0,8,11,0,11,18,4,4,0,3,8,1,0.299,0.385,0.365,0.75
stubbga01,2023,Garrett Stubbs,30,Maj-NL,Philadelphia,41,125,113,15,23,17,4,1,1,12,9,0,9,29,2,1,0,0,2,0,0.204,0.274,0.283,0.557
marteno01,2023,Noelvi Marte,21,Maj-NL,Cincinnati,34,123,114,15,36,26,7,0,3,15,8,0,8,25,1,0,0,1,6,2,0.316,0.366,0.456,0.822
rivasal01,2023,Alfonso Rivas,26,Maj-NL,"Pittsburgh,San Diego",48,123,109,8,25,11,10,1,3,15,9,0,9,36,3,1,1,1,1,0,0.229,0.303,0.422,0.725
barnhtu01,2023,Tucker Barnhart,32,Maj-NL,Chicago,43,123,109,6,22,18,3,0,1,9,12,0,12,42,1,0,1,4,1,0,0.202,0.285,0.257,0.542
youngja03,2023,Jacob Young,23,Maj-NL,Washington,33,121,107,9,27,19,7,1,0,12,10,0,10,22,1,3,0,2,13,0,0.252,0.322,0.336,0.658
guilllu01,2023,Luis Guillorme,28,Maj-NL,New York,54,120,107,12,24,16,6,1,1,9,10,1,9,28,0,2,1,4,0,0,0.224,0.288,0.327,0.615
herrejo04,2023,José Herrera,26,Maj-NL,Arizona,41,120,101,15,21,16,5,0,0,7,13,0,13,30,0,5,1,2,1,0,0.208,0.296,0.257,0.553
garciav01,2023,Avisaíl García,32,Maj-NL,Miami,37,118,108,8,20,13,3,1,3,12,6,1,5,39,2,0,0,1,2,0,0.185,0.241,0.315,0.556
choiji01,2023,Ji Man Choi,32,Maj-NL,"Pittsburgh,San Diego",39,117,104,12,17,6,5,0,6,13,10,0,10,35,1,0,2,2,0,0,0.164,0.239,0.385,0.624
walshja01,2023,Jared Walsh,29,Maj-AL,Los Angeles,39,116,104,10,13,5,4,0,4,11,11,0,11,45,1,0,0,1,0,0,0.125,0.216,0.279,0.494
aguilje01,2023,Jesús Aguilar,33,Maj-AL,Oakland,36,115,104,8,23,16,2,0,5,9,8,2,6,31,1,0,1,3,0,0,0.221,0.281,0.385,0.665
harrijo05,2023,Josh Harrison,35,Maj-NL,Philadelphia,40,114,103,8,21,16,3,0,2,10,3,0,3,20,6,0,2,2,0,0,0.204,0.263,0.291,0.555
fryda01,2023,David Fry,27,Maj-AL,Cleveland,57,113,101,12,24,14,6,0,4,15,8,0,8,30,4,0,0,3,2,0,0.238,0.319,0.416,0.734
bradlja02,2023,Jackie Bradley Jr.,33,Maj-AL,Kansas City,43,113,105,10,14,8,5,0,1,6,5,0,5,29,2,1,0,3,0,0,0.133,0.188,0.21,0.397
changyu01,2023,Yu Chang,27,Maj-AL,Boston,39,112,105,12,17,9,2,0,6,18,3,0,3,34,2,2,0,2,4,0,0.162,0.2,0.352,0.552
willial04,2023,Alika Williams,24,Maj-NL,Pittsburgh,46,112,101,7,20,15,5,0,0,6,9,0,9,35,1,1,0,2,0,0,0.198,0.27,0.248,0.518
nevinty01,2023,Tyler Nevin,26,Maj-AL,Detroit,41,111,95,11,19,13,3,1,2,10,12,0,12,25,3,0,1,1,0,1,0.2,0.306,0.316,0.622
haggesa01,2023,Sam Haggerty,29,Maj-AL,Seattle,52,108,91,13,23,18,3,1,1,5,15,0,15,17,1,1,0,0,10,1,0.253,0.365,0.341,0.705
mauriro01,2023,Ronny Mauricio,22,Maj-NL,New York,26,108,101,11,25,19,4,0,2,9,7,0,7,31,0,0,0,2,7,0,0.248,0.296,0.347,0.643
bridejo01,2023,Jonah Bride,27,Maj-AL,Oakland,39,106,88,9,15,12,3,0,0,7,11,0,11,22,4,1,2,3,0,1,0.171,0.286,0.205,0.49
pintore02,2023,René Pinto,26,Maj-AL,Tampa Bay,38,105,103,10,26,17,3,0,6,16,2,0,2,34,0,0,0,2,0,0,0.252,0.267,0.456,0.723
singljo02,2023,Jon Singleton,31,"Maj-AL,Maj-NL","Houston,Milwaukee",36,105,91,11,15,10,3,0,2,12,13,0,13,23,0,0,1,2,0,0,0.165,0.267,0.264,0.53
davisjo05,2023,Jonathan Davis,31,Maj-NL,Miami,34,104,90,22,22,15,4,1,2,10,7,0,7,29,2,2,2,1,1,2,0.244,0.307,0.378,0.685
arandjo01,2023,Jonathan Aranda,25,Maj-AL,Tampa Bay,34,103,87,13,20,13,4,1,2,13,13,1,12,31,2,0,1,1,0,0,0.23,0.34,0.368,0.708
pereiev01,2023,Everson Pereira,22,Maj-AL,New York,27,103,93,6,14,10,4,0,0,10,8,0,8,40,2,0,0,1,4,0,0.151,0.233,0.194,0.427
palacri01,2023,Richie Palacios,26,Maj-NL,St. Louis,32,102,93,9,24,12,6,0,6,16,6,0,6,11,1,1,1,1,2,0,0.258,0.307,0.516,0.823
fletcdo01,2023,Dominic Fletcher,25,Maj-NL,Arizona,28,102,93,10,28,20,5,1,2,14,7,1,6,22,0,2,0,0,0,2,0.301,0.35,0.441,0.791
azocajo01,2023,José Azocar,27,Maj-NL,San Diego,55,102,91,16,21,13,6,0,2,9,4,0,4,24,2,5,0,2,8,2,0.231,0.278,0.363,0.641
marloca01,2023,Cade Marlowe,26,Maj-AL,Seattle,34,100,88,14,21,13,3,2,3,11,12,0,12,33,0,0,0,1,4,2,0.239,0.33,0.421,0.751
hosmeer01,2023,Eric Hosmer,33,Maj-NL,Chicago,31,100,94,7,22,17,3,0,2,14,6,0,6,25,0,0,0,5,0,0,0.234,0.28,0.33,0.61
bakerlu01,2023,Luken Baker,26,Maj-NL,St. Louis,33,99,86,9,18,13,3,0,2,10,13,0,13,31,0,0,0,1,0,0,0.209,0.313,0.314,0.627
mervima01,2023,Matt Mervis,25,Maj-NL,Chicago,27,99,90,8,15,10,2,0,3,11,8,0,8,32,1,0,0,1,0,0,0.167,0.242,0.289,0.531
fletcda02,2023,David Fletcher,29,Maj-AL,Los Angeles,33,97,89,7,22,19,1,0,2,12,7,1,6,9,0,1,0,2,0,0,0.247,0.302,0.326,0.628
gonzaro01,2023,Romy Gonzalez,26,Maj-AL,Chicago,44,97,93,11,18,9,4,2,3,14,2,0,2,36,0,1,1,0,7,0,0.194,0.208,0.376,0.585
chavimi01,2023,Michael Chavis,27,Maj-NL,Washington,48,96,91,16,22,17,3,0,2,5,5,0,5,33,0,0,0,3,1,0,0.242,0.281,0.341,0.622
casalcu01,2023,Curt Casali,34,Maj-NL,Cincinnati,40,96,80,8,14,12,2,0,0,6,11,0,11,23,2,3,0,1,0,0,0.175,0.29,0.2,0.49
pachecr01,2023,Cristian Pache,24,Maj-NL,Philadelphia,48,95,84,12,20,10,7,1,2,11,10,0,10,27,0,1,0,1,2,3,0.238,0.319,0.417,0.736
bartjo01,2023,Joey Bart,26,Maj-NL,San Francisco,30,95,87,9,18,13,5,0,0,5,3,0,3,23,4,0,1,0,0,0,0.207,0.263,0.264,0.528
kieboca01,2023,Carter Kieboom,25,Maj-NL,Washington,27,94,87,12,18,12,2,0,4,11,6,0,6,27,1,0,0,2,0,0,0.207,0.266,0.368,0.634
basabos01,2023,Osleivis Basabe,22,Maj-AL,Tampa Bay,31,94,87,15,19,13,5,0,1,12,6,0,6,25,1,0,0,2,0,1,0.218,0.277,0.31,0.587
velazan01,2023,Andrew Velazquez,28,Maj-AL,Los Angeles,54,94,81,12,14,9,3,0,2,3,10,0,10,30,0,3,0,1,13,3,0.173,0.264,0.284,0.548
henslda01,2023,David Hensley,27,Maj-AL,Houston,30,94,84,12,10,8,1,0,1,3,10,0,10,35,0,0,0,0,1,0,0.119,0.213,0.167,0.38
gordoni01,2023,Nick Gordon,27,Maj-AL,Minnesota,34,93,91,13,16,8,5,1,2,7,1,0,1,11,0,1,0,1,0,0,0.176,0.185,0.319,0.504
meadcu01,2023,Curtis Mead,22,Maj-AL,Tampa Bay,24,92,83,12,21,16,3,1,1,5,7,0,7,21,2,0,0,3,0,0,0.253,0.326,0.349,0.676
doziehu01,2023,Hunter Dozier,31,Maj-AL,Kansas City,29,91,82,8,15,10,2,1,2,9,8,0,8,29,0,0,1,0,2,0,0.183,0.253,0.305,0.558
andujmi01,2023,Miguel Andújar,28,Maj-NL,Pittsburgh,30,90,84,9,21,10,7,0,4,18,6,0,6,13,0,0,0,1,2,0,0.25,0.3,0.476,0.776
alberha01,2023,Hanser Alberto,30,Maj-AL,Chicago,30,90,82,11,18,10,5,0,3,16,4,0,4,13,1,2,1,1,0,0,0.22,0.261,0.39,0.652
luplojo01,2023,Jordan Luplow,29,Maj-AL,"Minnesota,Toronto",39,90,77,11,16,11,3,0,2,5,12,1,11,27,1,0,0,1,2,0,0.208,0.322,0.325,0.647
rafaece01,2023,Ceddanne Rafaela,22,Maj-AL,Boston,28,89,83,11,20,12,6,0,2,5,4,0,4,28,1,0,1,2,3,1,0.241,0.281,0.386,0.666
capelco01,2023,Conner Capel,26,Maj-AL,Oakland,32,86,73,6,19,14,5,0,0,3,12,0,12,25,1,0,0,1,5,3,0.26,0.372,0.329,0.701
ramoshe01,2023,Henry Ramos,31,Maj-NL,Cincinnati,23,86,74,9,18,14,3,1,0,5,11,0,11,21,1,0,0,2,2,1,0.243,0.349,0.311,0.66
rocchbr01,2023,Brayan Rocchio,22,Maj-AL,Cleveland,23,86,81,9,20,14,6,0,0,8,4,0,4,27,0,0,1,4,0,0,0.247,0.279,0.321,0.6
dixonbr01,2023,Brandon Dixon,31,Maj-NL,San Diego,33,86,79,10,16,10,4,0,2,9,1,0,1,31,4,0,2,1,1,0,0.203,0.244,0.329,0.573
sullibr01,2023,Brett Sullivan,29,Maj-NL,San Diego,33,86,81,7,17,13,3,0,1,6,4,0,4,19,0,0,1,1,0,0,0.21,0.244,0.284,0.528
abreuwi02,2023,Wilyer Abreu,24,Maj-AL,Boston,28,85,76,10,24,16,6,0,2,14,9,0,9,23,0,0,0,0,3,1,0.316,0.388,0.474,0.862
edwarxa01,2023,Xavier Edwards,23,Maj-NL,Miami,30,84,78,12,23,20,3,0,0,3,3,0,3,14,1,2,0,1,5,0,0.295,0.329,0.333,0.663
brujavi01,2023,Vidal Bruján,25,Maj-AL,Tampa Bay,37,84,76,14,13,11,2,0,0,6,5,0,5,21,2,1,0,1,3,2,0.171,0.241,0.197,0.438
marisja01,2023,Jake Marisnick,32,"Maj-AL,Maj-NL","Chicago,Detroit,Los Angeles",46,83,76,10,18,11,3,2,2,10,3,0,3,21,2,1,1,4,2,3,0.237,0.281,0.408,0.688
motteta01,2023,Taylor Motter,33,Maj-NL,St. Louis,29,82,76,3,13,10,3,0,0,2,5,0,5,31,1,0,0,0,0,0,0.171,0.232,0.211,0.442
buschmi02,2023,Michael Busch,25,Maj-NL,Los Angeles,27,81,72,9,12,7,3,0,2,7,8,0,8,27,0,0,1,0,1,0,0.167,0.247,0.292,0.539
grissva01,2023,Vaughn Grissom,22,Maj-NL,Atlanta,23,80,75,5,21,17,3,1,0,9,2,0,2,15,2,0,1,2,0,1,0.28,0.313,0.347,0.659
dazayo01,2023,Yonathan Daza,29,Maj-NL,Colorado,24,80,74,8,20,14,6,0,0,7,3,0,3,13,1,1,1,5,1,0,0.27,0.304,0.351,0.655
martini02,2023,Nick Martini,33,Maj-NL,Cincinnati,29,79,72,10,19,9,3,1,6,16,5,0,5,15,2,0,0,1,0,0,0.264,0.329,0.583,0.912
rortvbe01,2023,Ben Rortvedt,25,Maj-AL,New York,32,79,68,6,8,5,1,0,2,4,11,0,11,19,0,0,0,1,0,0,0.118,0.241,0.221,0.461
hillisa01,2023,Sam Hilliard,29,Maj-NL,Atlanta,40,78,72,15,17,9,5,0,3,6,6,0,6,33,0,0,0,1,4,0,0.236,0.295,0.431,0.726
brossmi01,2023,Mike Brosseau,29,Maj-NL,Milwaukee,29,78,73,4,15,9,2,0,4,8,4,0,4,20,1,0,0,2,0,0,0.206,0.256,0.397,0.654
goodmhu01,2023,Hunter Goodman,23,Maj-NL,Colorado,23,77,70,6,14,6,4,3,1,17,5,0,5,24,0,0,2,2,1,0,0.2,0.247,0.386,0.633
cowseco01,2023,Colton Cowser,23,Maj-AL,Baltimore,26,77,61,15,7,5,2,0,0,4,13,0,13,22,2,0,1,1,1,0,0.115,0.286,0.148,0.433
frazicl01,2023,Clint Frazier,28,Maj-AL,Chicago,33,76,66,10,13,11,1,1,0,3,10,0,10,23,0,0,0,0,4,2,0.197,0.303,0.242,0.545
carteev01,2023,Evan Carter,20,Maj-AL,Texas,23,75,62,15,19,9,4,1,5,12,12,1,11,24,0,0,1,1,3,0,0.307,0.413,0.645,1.059
wellsau01,2023,Austin Wells,23,Maj-AL,New York,19,75,70,8,16,6,6,0,4,13,3,0,3,14,0,0,1,3,0,0,0.229,0.257,0.486,0.743
voitlu01,2023,Luke Voit,32,Maj-NL,Milwaukee,22,74,68,5,15,12,3,0,0,4,4,0,4,27,2,0,0,3,2,0,0.221,0.284,0.265,0.549
mitchga01,2023,Garrett Mitchell,24,Maj-NL,Milwaukee,19,73,65,10,16,10,2,1,3,7,7,0,7,26,0,0,1,0,1,1,0.246,0.315,0.446,0.761
beatyma01,2023,Matt Beaty,30,"Maj-AL,Maj-NL","Kansas City,San Francisco",30,72,61,8,14,10,4,0,0,4,6,0,6,14,5,0,0,1,0,0,0.23,0.347,0.295,0.642
mathima01,2023,Mark Mathias,28,Maj-NL,"Pittsburgh,San Francisco",27,72,62,6,14,12,2,0,0,6,10,0,10,15,0,0,0,4,3,0,0.226,0.333,0.258,0.591
stefami01,2023,Michael Stefanic,27,Maj-AL,Los Angeles,25,71,62,5,18,15,2,1,0,6,8,0,8,8,1,0,0,0,0,1,0.29,0.38,0.355,0.735
cordefr02,2023,Franchy Cordero,28,Maj-AL,New York,24,71,69,9,13,5,2,0,6,13,2,0,2,25,0,0,0,0,0,0,0.188,0.211,0.478,0.69
flories01,2023,Estevan Florial,25,Maj-AL,New York,19,71,61,5,14,10,3,1,0,8,7,0,7,20,2,0,1,0,3,0,0.23,0.324,0.312,0.635
phillbr02,2023,Brett Phillips,29,Maj-AL,Los Angeles,39,71,63,9,11,7,1,0,3,6,8,0,8,36,0,0,0,0,3,1,0.175,0.268,0.333,0.601
myersda01,2023,Dane Myers,27,Maj-NL,Miami,22,70,67,9,18,14,3,0,1,9,2,0,2,19,0,0,1,1,1,1,0.269,0.286,0.358,0.644
leeko01,2023,Korey Lee,24,Maj-AL,Chicago,24,70,65,4,5,3,1,0,1,3,5,0,5,20,0,0,0,0,0,0,0.077,0.143,0.139,0.281
taylosa04,2023,Samad Taylor,24,Maj-AL,Kansas City,31,69,60,11,12,9,2,1,0,4,7,0,7,22,0,1,1,1,8,0,0.2,0.279,0.267,0.546
mendida01,2023,Danny Mendick,29,Maj-NL,New York,33,69,65,4,12,8,3,0,1,4,4,0,4,15,0,0,0,1,1,0,0.185,0.232,0.277,0.509
loftini01,2023,Nick Loftin,24,Maj-AL,Kansas City,19,68,62,10,20,14,5,1,0,10,4,0,4,12,1,0,1,0,2,0,0.323,0.368,0.436,0.803
locasti01,2023,Tim Locastro,30,Maj-NL,New York,43,67,56,13,13,8,3,0,2,3,3,0,3,22,6,2,0,0,6,0,0.232,0.339,0.393,0.731
millebr02,2023,Brad Miller,33,Maj-AL,Texas,27,67,56,8,12,7,4,0,1,6,10,0,10,11,0,0,1,1,0,0,0.214,0.328,0.339,0.668
arauzjo01,2023,Jonathan Araúz,24,Maj-NL,New York,27,66,59,3,8,5,0,0,3,9,5,0,5,18,0,2,0,1,0,0,0.136,0.203,0.288,0.491
vosleja01,2023,Jason Vosler,29,Maj-NL,Cincinnati,20,65,62,6,10,4,2,1,3,10,3,0,3,25,0,0,0,0,0,0,0.161,0.2,0.371,0.571
yepezju01,2023,Juan Yepez,25,Maj-NL,St. Louis,28,65,60,5,11,8,1,0,2,2,4,0,4,20,1,0,0,0,0,1,0.183,0.246,0.3,0.546
reyesfr01,2023,Franmil Reyes,27,Maj-AL,Kansas City,19,65,59,5,11,9,0,0,2,7,4,0,4,24,0,0,2,3,0,0,0.186,0.231,0.288,0.519
mecklwa01,2023,Wade Meckler,23,Maj-NL,San Francisco,20,64,56,6,13,12,1,0,0,4,6,0,6,25,2,0,0,0,0,0,0.232,0.328,0.25,0.578
adelljo01,2023,Jo Adell,24,Maj-AL,Los Angeles,17,62,58,7,12,5,3,1,3,6,4,0,4,25,0,0,0,1,1,0,0.207,0.258,0.448,0.706
fermijo01,2023,José Fermín,24,Maj-NL,St. Louis,21,61,51,2,12,11,1,0,0,4,6,0,6,8,2,2,0,1,0,1,0.235,0.339,0.255,0.594
nidoto01,2023,Tomás Nido,29,Maj-NL,New York,22,61,56,5,7,7,0,0,0,1,2,0,2,18,0,2,1,2,0,0,0.125,0.153,0.125,0.278
ramoshe02,2023,Heliot Ramos,23,Maj-NL,San Francisco,25,60,56,5,10,5,4,0,1,2,4,0,4,20,0,0,0,1,0,0,0.179,0.233,0.304,0.537
thompbu01,2023,Bubba Thompson,25,Maj-AL,Texas,37,60,53,10,9,4,4,1,0,4,4,0,4,16,1,1,1,0,4,2,0.17,0.237,0.283,0.52
brantmi02,2023,Michael Brantley,36,Maj-AL,Houston,15,57,54,7,15,11,2,0,2,7,2,0,2,2,0,0,1,2,0,0,0.278,0.298,0.426,0.724
rufda01,2023,Darin Ruf,36,Maj-NL,"Milwaukee,San Francisco",20,57,49,3,11,8,3,0,0,3,8,0,8,16,0,0,0,0,0,0,0.225,0.333,0.286,0.619
trammta01,2023,Taylor Trammell,25,Maj-AL,Seattle,22,56,46,7,6,3,0,0,3,11,9,0,9,22,1,0,0,2,0,1,0.13,0.286,0.326,0.612
vavrate01,2023,Terrin Vavra,26,Maj-AL,Baltimore,27,56,49,9,12,12,0,0,0,5,5,0,5,12,0,2,0,5,1,0,0.245,0.315,0.245,0.56
cabbatr01,2023,Trey Cabbage,26,Maj-AL,Los Angeles,22,56,53,5,11,7,3,0,1,7,2,0,2,26,0,0,1,1,1,1,0.208,0.232,0.321,0.553
hallda02,2023,Darick Hall,27,Maj-NL,Philadelphia,18,56,54,2,9,7,1,0,1,3,2,0,2,18,0,0,0,2,0,0,0.167,0.196,0.241,0.437
eatonna01,2023,Nate Eaton,26,Maj-AL,Kansas City,28,56,53,2,4,4,0,0,0,1,2,0,2,21,1,0,0,0,3,0,0.076,0.125,0.076,0.201
wadety01,2023,Tyler Wade,28,Maj-AL,Oakland,26,55,51,8,13,11,1,1,0,2,4,0,4,13,0,0,0,0,4,0,0.255,0.309,0.314,0.623
lambja01,2023,Jake Lamb,32,Maj-AL,Los Angeles,18,54,51,7,11,8,1,0,2,5,3,0,3,15,0,0,0,1,0,0,0.216,0.259,0.353,0.612
lewisky01,2023,Kyle Lewis,27,Maj-NL,Arizona,16,54,51,2,8,5,2,0,1,2,3,0,3,21,0,0,0,0,0,0,0.157,0.204,0.255,0.459
perezca03,2023,Carlos Pérez,26,Maj-AL,Chicago,27,53,49,5,10,5,4,0,1,3,4,0,4,11,0,0,0,2,0,0,0.204,0.264,0.347,0.611
dalbebo01,2023,Bobby Dalbec,28,Maj-AL,Boston,20,53,49,6,10,7,2,0,1,1,4,0,4,28,0,0,0,0,1,0,0.204,0.264,0.306,0.57
clemeer01,2023,Ernie Clement,27,Maj-AL,Toronto,29,52,50,7,19,16,1,1,1,10,1,0,1,4,0,0,1,0,1,0,0.38,0.385,0.5,0.885
alfarjo01,2023,Jorge Alfaro,30,"Maj-AL,Maj-NL","Boston,Colorado",18,52,48,2,7,2,4,0,1,4,2,0,2,15,2,0,0,3,0,0,0.146,0.212,0.292,0.503
hillde01,2023,Derek Hill,27,Maj-NL,Washington,13,50,47,3,8,7,1,0,0,1,3,0,3,11,0,0,0,0,1,0,0.17,0.22,0.192,0.412
johnsbr03,2023,Bryce Johnson,27,Maj-NL,San Francisco,30,48,43,7,7,5,1,0,1,3,4,0,4,15,0,0,1,0,3,0,0.163,0.229,0.256,0.485
youngja02,2023,Jared Young,27,Maj-NL,Chicago,16,47,43,8,8,3,0,3,2,8,3,0,3,13,1,0,0,1,2,0,0.186,0.255,0.465,0.72
heinety01,2023,Tyler Heineman,32,"Maj-AL,Maj-NL","Pittsburgh,Toronto",22,47,38,5,9,7,1,1,0,3,8,0,8,8,1,0,0,0,1,0,0.237,0.383,0.316,0.699
thomaco01,2023,Cody Thomas,28,Maj-AL,Oakland,19,46,42,1,10,6,3,0,1,2,4,0,4,17,0,0,0,1,0,0,0.238,0.304,0.381,0.685
parisky01,2023,Kyren Paris,21,Maj-AL,Los Angeles,15,46,40,4,4,4,0,0,0,1,4,0,4,17,1,1,0,0,3,0,0.1,0.2,0.1,0.3
huffsa01,2023,Sam Huff,25,Maj-AL,Texas,21,45,43,5,11,6,2,0,3,6,2,0,2,17,0,0,0,1,0,0,0.256,0.289,0.512,0.801
delucjo01,2023,Jonny DeLuca,24,Maj-NL,Los Angeles,24,45,42,5,11,8,1,0,2,6,3,0,3,8,0,0,0,0,1,0,0.262,0.311,0.429,0.74
luciama01,2023,Marco Luciano,21,Maj-NL,San Francisco,14,45,39,4,9,6,3,0,0,0,6,0,6,17,0,0,0,0,1,0,0.231,0.333,0.308,0.641
kessigr01,2023,Grae Kessinger,25,Maj-AL,Houston,26,45,40,3,8,5,2,0,1,1,5,0,5,12,0,0,0,0,0,1,0.2,0.289,0.325,0.614
herreiv01,2023,Iván Herrera,23,Maj-NL,St. Louis,13,44,37,6,11,9,2,0,0,4,5,0,5,11,2,0,0,1,0,0,0.297,0.409,0.351,0.761
horwisp01,2023,Spencer Horwitz,25,Maj-AL,Toronto,15,44,39,5,10,7,2,0,1,7,4,0,4,12,1,0,0,1,0,0,0.256,0.341,0.385,0.726
martijp01,2023,J.P. Martínez,27,Maj-AL,Texas,17,44,40,7,9,7,1,0,1,4,2,0,2,16,0,0,2,0,0,0,0.225,0.25,0.325,0.575
hopkitj01,2023,TJ Hopkins,26,Maj-NL,Cincinnati,25,44,41,7,7,7,0,0,0,1,2,0,2,17,1,0,0,1,1,0,0.171,0.227,0.171,0.398
leonsa01,2023,Sandy León,34,Maj-AL,Texas,21,44,41,4,6,4,2,0,0,4,1,0,1,20,1,1,0,2,0,0,0.146,0.186,0.195,0.381
bouchse01,2023,Sean Bouchard,27,Maj-NL,Colorado,21,43,38,11,12,6,2,0,4,7,4,0,4,14,0,0,1,0,0,1,0.316,0.372,0.684,1.056
monteco01,2023,Coco Montes,26,Maj-NL,Colorado,18,41,38,3,7,4,2,0,1,3,2,0,2,12,1,0,0,0,0,0,0.184,0.244,0.316,0.56
cruzon01,2023,Oneil Cruz,24,Maj-NL,Pittsburgh,9,40,32,7,8,6,1,0,1,4,7,0,7,8,0,0,1,0,3,0,0.25,0.375,0.375,0.75
stevean01,2023,Andrew Stevenson,29,Maj-AL,Minnesota,25,40,37,4,7,6,1,0,0,1,2,0,2,8,1,0,0,0,4,1,0.189,0.25,0.216,0.466
adamsjo03,2023,Jordyn Adams,23,Maj-AL,Los Angeles,17,40,39,1,5,5,0,0,0,1,0,0,0,16,0,0,1,0,1,2,0.128,0.125,0.128,0.253
haselad01,2023,Adam Haseley,27,Maj-AL,Chicago,28,39,36,6,8,6,2,0,0,2,3,0,3,8,0,0,0,1,1,0,0.222,0.282,0.278,0.56
hamilda03,2023,David Hamilton,25,Maj-AL,Boston,15,39,33,2,4,2,2,0,0,0,6,0,6,10,0,0,0,1,2,1,0.121,0.256,0.182,0.438
lipcian01,2023,Andre Lipcius,25,Maj-AL,Detroit,13,38,35,3,10,8,1,0,1,4,3,0,3,8,0,0,0,1,0,0,0.286,0.342,0.4,0.742
portelo01,2023,Logan Porter,27,Maj-AL,Kansas City,11,38,31,4,6,4,1,0,1,3,5,0,5,11,1,1,0,2,0,0,0.194,0.324,0.323,0.647
rosareg01,2023,Eguy Rosario,23,Maj-NL,San Diego,11,37,36,6,9,5,1,1,2,6,1,0,1,12,0,0,0,1,0,0,0.25,0.27,0.5,0.77
burdipe01,2023,Peyton Burdick,26,Maj-NL,Miami,14,37,33,4,6,3,2,0,1,2,3,0,3,18,1,0,0,0,1,0,0.182,0.27,0.333,0.604
blanktr01,2023,Travis Blankenhorn,26,Maj-NL,Washington,10,37,31,2,5,4,0,0,1,1,6,0,6,6,0,0,0,0,0,0,0.161,0.297,0.258,0.555
smithca05,2023,Canaan Smith-Njigba,24,Maj-NL,Pittsburgh,15,37,32,3,4,2,1,1,0,5,4,0,4,16,0,0,1,1,1,0,0.125,0.216,0.219,0.435
caminju01,2023,Junior Caminero,19,Maj-AL,Tampa Bay,7,36,34,4,8,6,1,0,1,7,2,0,2,8,0,0,0,2,0,0,0.235,0.278,0.353,0.631
ruthebl01,2023,Blake Rutherford,26,Maj-NL,Washington,16,36,35,4,6,6,0,0,0,2,1,0,1,10,0,0,0,1,0,0,0.171,0.194,0.171,0.366
fitzgty01,2023,Tyler Fitzgerald,25,Maj-NL,San Francisco,10,34,32,3,7,3,2,0,2,5,2,0,2,10,0,0,0,0,2,0,0.219,0.265,0.469,0.734
tenajo01,2023,José Tena,22,Maj-AL,Cleveland,18,34,31,2,7,5,2,0,0,3,3,0,3,13,0,0,0,0,0,0,0.226,0.294,0.29,0.584
riosed01,2023,Edwin Ríos,29,Maj-NL,Chicago,18,34,28,3,2,0,1,0,1,2,5,0,5,16,1,0,0,0,0,0,0.071,0.235,0.214,0.45
ortizjo06,2023,Joey Ortiz,24,Maj-AL,Baltimore,15,34,33,4,7,6,1,0,0,4,0,0,0,9,0,0,1,2,0,0,0.212,0.206,0.242,0.448
lawlajo01,2023,Jordan Lawlar,20,Maj-NL,Arizona,14,34,31,2,4,4,0,0,0,0,2,0,2,11,1,0,0,0,1,1,0.129,0.206,0.129,0.335
dominja01,2023,Jasson Domínguez,20,Maj-AL,New York,8,33,31,6,8,3,1,0,4,7,2,0,2,8,0,0,0,1,1,0,0.258,0.303,0.677,0.98
milladr01,2023,Drew Millas,25,Maj-NL,Washington,11,33,28,1,8,5,2,0,1,6,4,0,4,5,0,1,0,2,0,0,0.286,0.375,0.464,0.839
kjershe01,2023,Heston Kjerstad,24,Maj-AL,Baltimore,13,33,30,3,7,4,1,0,2,3,2,0,2,10,0,0,0,0,0,0,0.233,0.281,0.467,0.748
stoweky01,2023,Kyle Stowers,25,Maj-AL,Baltimore,14,33,30,1,2,2,0,0,0,0,3,0,3,12,0,0,0,1,0,0,0.067,0.152,0.067,0.218
mercaos01,2023,Óscar Mercado,28,Maj-NL,St. Louis,20,32,31,3,9,6,3,0,0,5,1,0,1,4,0,0,0,0,2,1,0.29,0.313,0.387,0.7
lukesna01,2023,Nathan Lukes,28,Maj-AL,Toronto,29,31,26,4,5,3,1,1,0,2,4,0,4,9,0,0,1,1,0,0,0.192,0.29,0.308,0.598
garliky01,2023,Kyle Garlick,31,Maj-AL,Minnesota,14,30,28,2,5,2,1,0,2,4,2,0,2,11,0,0,0,0,0,0,0.179,0.233,0.429,0.662
torrelu01,2023,Luis Torrens,27,"Maj-AL,Maj-NL","Chicago,Seattle",17,30,28,1,7,4,3,0,0,4,1,0,1,9,1,0,0,0,0,0,0.25,0.3,0.357,0.657
madribl01,2023,Bligh Madris,27,Maj-AL,Houston,11,30,26,4,4,3,1,0,0,0,4,0,4,7,0,0,0,0,0,0,0.154,0.267,0.192,0.459
ellisdr01,2023,Drew Ellis,27,Maj-NL,Philadelphia,12,29,23,4,5,3,0,0,2,4,6,0,6,7,0,0,0,0,0,1,0.217,0.379,0.478,0.858
kennebu01,2023,Buddy Kennedy,24,Maj-NL,Arizona,10,29,24,1,4,3,1,0,0,1,4,0,4,6,1,0,0,0,0,0,0.167,0.31,0.208,0.519
allengr01,2023,Greg Allen,30,Maj-AL,New York,22,28,23,6,5,2,1,1,1,1,2,0,2,10,2,1,0,0,3,1,0.217,0.333,0.478,0.812
guthrda01,2023,Dalton Guthrie,27,Maj-NL,Philadelphia,23,28,24,4,4,3,1,0,0,0,3,0,3,7,1,0,0,0,0,0,0.167,0.286,0.208,0.494
hernayo02,2023,Yonny Hernández,25,Maj-NL,Los Angeles,13,27,22,5,3,2,1,0,0,4,2,0,2,8,1,1,1,0,0,0,0.136,0.231,0.182,0.413
hummeco01,2023,Cooper Hummel,28,Maj-AL,Seattle,10,26,23,2,2,1,1,0,0,0,2,0,2,9,1,0,0,1,1,0,0.087,0.192,0.13,0.323
diazis01,2023,Isan Díaz,27,"Maj-AL,Maj-NL","Detroit,San Francisco",8,26,24,0,1,1,0,0,0,1,2,0,2,9,0,0,0,0,0,0,0.042,0.115,0.042,0.157
owingch01,2023,Chris Owings,31,Maj-NL,Pittsburgh,10,25,25,0,4,4,0,0,0,0,0,0,0,12,0,0,0,1,0,0,0.16,0.16,0.16,0.32
lasteto01,2023,Tommy La Stella,34,Maj-AL,Seattle,12,24,21,2,4,3,1,0,0,2,3,0,3,5,0,0,0,0,0,0,0.191,0.292,0.238,0.53
lestejo02,2023,Josh Lester,28,Maj-AL,Baltimore,11,23,22,0,4,4,0,0,0,4,1,0,1,7,0,0,0,1,0,0,0.182,0.217,0.182,0.399
servebr01,2023,Brian Serven,28,Maj-NL,Colorado,11,23,23,0,3,2,1,0,0,1,0,0,0,10,0,0,0,0,0,0,0.13,0.13,0.174,0.304
wilsowe01,2023,Weston Wilson,28,Maj-NL,Philadelphia,8,22,16,5,5,4,0,0,1,2,6,0,6,5,0,0,0,0,3,1,0.313,0.5,0.5,1
toroab01,2023,Abraham Toro,26,Maj-NL,Milwaukee,9,21,18,4,8,6,0,0,2,9,2,0,2,5,1,0,0,0,0,0,0.444,0.524,0.778,1.302
meadoau01,2023,Austin Meadows,28,Maj-AL,Detroit,6,21,21,0,5,4,1,0,0,2,0,0,0,3,0,0,0,0,0,0,0.238,0.238,0.286,0.524
capravi01,2023,Vinny Capra,26,Maj-NL,Pittsburgh,8,21,18,3,3,2,1,0,0,1,2,0,2,5,0,1,0,0,0,0,0.167,0.25,0.222,0.472
okeefbr01,2023,Brian O'Keefe,29,Maj-AL,Seattle,8,21,19,0,2,0,2,0,0,2,2,0,2,7,0,0,0,2,0,0,0.105,0.191,0.211,0.401
quereju01,2023,Juniel Querecuto,30,Maj-NL,St. Louis,9,21,20,2,2,1,1,0,0,0,1,0,1,6,0,0,0,0,0,0,0.1,0.143,0.15,0.293
camarjo01,2023,Johan Camargo,29,Maj-NL,San Francisco,8,20,18,0,4,4,0,0,0,2,1,0,1,4,1,0,0,2,0,0,0.222,0.3,0.222,0.522
salazce01,2023,César Salazar,27,Maj-AL,Houston,13,19,18,1,2,2,0,0,0,0,1,0,1,6,0,0,0,1,0,0,0.111,0.158,0.111,0.269
crowape01,2023,Pete Crow-Armstrong,21,Maj-NL,Chicago,13,19,14,3,0,0,0,0,0,1,3,0,3,7,0,2,0,0,2,2,0,0.177,0,0.177
willilu01,2023,Luke Williams,26,Maj-NL,"Atlanta,Los Angeles",11,19,19,1,1,1,0,0,0,0,0,0,0,7,0,0,0,0,4,0,0.053,0.053,0.053,0.105
kreidry01,2023,Ryan Kreidler,25,Maj-AL,Detroit,11,18,18,2,2,2,0,0,0,0,0,0,0,7,0,0,0,0,0,0,0.111,0.111,0.111,0.222
canaral01,2023,Alexander Canario,23,Maj-NL,Chicago,6,17,17,1,5,2,1,1,1,6,0,0,0,8,0,0,0,0,0,0,0.294,0.294,0.647,0.941
perezro02,2023,Roberto Pérez,34,Maj-NL,San Francisco,5,17,15,0,2,2,0,0,0,1,2,0,2,6,0,0,0,0,0,0,0.133,0.235,0.133,0.369
whiteel04,2023,Eli White,29,Maj-NL,Atlanta,6,17,14,1,1,1,0,0,0,0,2,0,2,7,1,0,0,0,0,0,0.071,0.235,0.071,0.307
trompch01,2023,Chadwick Tromp,28,Maj-NL,Atlanta,6,16,16,1,2,1,1,0,0,1,0,0,0,7,0,0,0,0,0,0,0.125,0.125,0.188,0.313
almonab01,2023,Abraham Almonte,34,Maj-NL,New York,8,16,15,1,1,0,1,0,0,0,1,0,1,8,0,0,0,0,0,0,0.067,0.125,0.133,0.258
wallfo01,2023,Forrest Wall,27,Maj-NL,Atlanta,15,15,13,6,6,3,2,0,1,2,2,0,2,4,0,0,0,0,5,1,0.462,0.533,0.846,1.38
gamelbe01,2023,Ben Gamel,31,Maj-NL,San Diego,6,15,15,2,3,2,1,0,0,2,0,0,0,2,0,0,0,0,0,0,0.2,0.2,0.267,0.467
bemboan01,2023,Anthony Bemboom,33,Maj-AL,Baltimore,6,13,11,0,2,2,0,0,0,0,2,0,2,2,0,0,0,0,0,0,0.182,0.308,0.182,0.49
kohlwta01,2023,Taylor Kohlwey,28,Maj-NL,San Diego,5,13,13,0,2,2,0,0,0,0,0,0,0,5,0,0,0,0,0,0,0.154,0.154,0.154,0.308
pinama01,2023,Manny Piña,36,Maj-AL,Oakland,4,12,12,1,3,2,0,0,1,1,0,0,0,3,0,0,0,1,0,0,0.25,0.25,0.5,0.75
sotoli01,2023,Livan Soto,23,Maj-AL,Los Angeles,4,12,9,2,2,2,0,0,0,0,3,0,3,2,0,0,0,0,0,0,0.222,0.417,0.222,0.639
steveca01,2023,Cal Stevenson,26,Maj-NL,San Francisco,6,12,9,1,0,0,0,0,0,0,3,0,3,2,0,0,0,0,0,0,0,0.25,0,0.25
lopezir01,2023,Irving Lopez,28,Maj-NL,St. Louis,5,12,11,0,0,0,0,0,0,1,0,0,0,5,0,0,1,0,0,0,0,0,0,0
jonesja08,2023,Jahmai Jones,25,Maj-NL,Milwaukee,7,11,10,2,2,1,1,0,0,3,1,0,1,5,0,0,0,0,1,0,0.2,0.273,0.3,0.573
adriaeh01,2023,Ehire Adrianza,33,Maj-NL,Atlanta,5,11,10,0,0,0,0,0,0,0,1,0,1,4,0,0,0,0,0,0,0,0.091,0,0.091
tuckeco01,2023,Cole Tucker,26,Maj-NL,Colorado,5,10,8,2,4,4,0,0,0,2,1,0,1,2,1,0,0,0,0,0,0.5,0.6,0.5,1.1
downsje01,2023,Jeter Downs,24,Maj-NL,Washington,6,9,5,4,2,2,0,0,0,1,4,0,4,1,0,0,0,0,2,0,0.4,0.667,0.4,1.067
dahlda01,2023,David Dahl,29,Maj-NL,San Diego,4,9,9,1,1,0,0,0,1,1,0,0,0,2,0,0,0,0,0,0,0.111,0.111,0.444,0.556
amayaja01,2023,Jacob Amaya,24,Maj-NL,Miami,4,9,9,1,2,2,0,0,0,2,0,0,0,1,0,0,0,0,1,0,0.222,0.222,0.222,0.444
perezmi03,2023,Michael Pérez,30,Maj-NL,New York,3,8,8,1,4,3,1,0,0,0,0,0,0,1,0,0,0,0,0,0,0.5,0.5,0.625,1.125
orneljo01,2023,Jonathan Ornelas,23,Maj-AL,Texas,8,8,7,2,1,1,0,0,0,0,0,0,0,4,1,0,0,0,0,0,0.143,0.25,0.143,0.393
padloke01,2023,Kevin Padlo,26,Maj-AL,Los Angeles,3,8,8,1,1,0,1,0,0,0,0,0,0,0,0,0,0,1,0,0,0.125,0.125,0.25,0.375
naquity01,2023,Tyler Naquin,32,Maj-AL,Chicago,4,8,8,0,0,0,0,0,0,0,0,0,0,7,0,0,0,0,0,0,0,0,0,0
croplty01,2023,Tyler Cropley,27,Maj-AL,Kansas City,2,7,6,0,1,1,0,0,0,1,0,0,0,2,0,0,1,0,0,0,0.167,0.143,0.167,0.31
colliza01,2023,Zack Collins,28,Maj-AL,Cleveland,2,6,4,0,2,2,0,0,0,0,2,0,2,2,0,0,0,0,0,0,0.5,0.667,0.5,1.167
maggidr01,2023,Drew Maggi,34,Maj-NL,Pittsburgh,3,6,6,1,2,1,1,0,0,1,0,0,0,1,0,0,0,0,0,0,0.333,0.333,0.5,0.833
edenca01,2023,Cam Eden,25,Maj-AL,Toronto,5,6,6,1,1,1,0,0,0,0,0,0,0,2,0,0,0,0,0,0,0.167,0.167,0.167,0.333
hamilca01,2023,Caleb Hamilton,28,Maj-AL,Boston,4,6,5,0,0,0,0,0,0,0,1,0,1,5,0,0,0,0,0,0,0,0.167,0,0.167
sianimi01,2023,Michael Siani,23,Maj-NL,"Cincinnati,St. Louis",8,6,5,1,0,0,0,0,0,0,1,0,1,1,0,0,0,0,1,1,0,0.167,0,0.167
bannory01,2023,Rylan Bannon,27,Maj-AL,Houston,2,6,6,0,0,0,0,0,0,0,0,0,0,3,0,0,0,0,0,0,0,0,0,0
engelad01,2023,Adam Engel,31,Maj-NL,San Diego,5,6,6,0,0,0,0,0,0,0,0,0,0,2,0,0,0,0,0,1,0,0,0,0
graytr01,2023,Tristan Gray,27,Maj-AL,Tampa Bay,2,5,5,1,2,1,0,0,1,1,0,0,0,0,0,0,0,0,0,0,0.4,0.4,1,1.4
reynoma03,2023,Matt Reynolds,32,Maj-NL,Cincinnati,2,5,5,1,1,1,0,0,0,0,0,0,0,3,0,0,0,0,0,0,0.2,0.2,0.2,0.4
mitchca01,2023,Calvin Mitchell,24,Maj-NL,Pittsburgh,2,5,4,0,0,0,0,0,0,0,1,0,1,1,0,0,0,0,0,0,0,0.2,0,0.2
vilorme01,2023,Meibrys Viloria,26,Maj-AL,Cleveland,10,4,3,0,0,0,0,0,0,0,1,0,1,0,0,0,0,1,0,0,0,0.25,0,0.25
kaiseco01,2023,Connor Kaiser,26,Maj-NL,Colorado,3,4,4,0,0,0,0,0,0,0,0,0,0,2,0,0,0,0,0,0,0,0,0,0
shewmbr01,2023,Braden Shewmake,25,Maj-NL,Atlanta,2,4,4,0,0,0,0,0,0,0,0,0,0,1,0,0,0,0,0,0,0,0,0,0
lopezal03,2023,Alejo López,27,Maj-NL,Cincinnati,1,2,2,1,1,0,1,0,0,1,0,0,0,1,0,0,0,0,0,0,0.5,0.5,1,1.5
barretr01,2023,Tres Barrera,28,Maj-NL,St. Louis,6,2,2,0,0,0,0,0,0,0,0,0,0,0,0,0,0,0,0,0,0,0,0,0
hamilbi02,2023,Billy Hamilton,32,Maj-AL,Chicago,3,2,2,2,0,0,0,0,0,0,0,0,0,1,0,0,0,0,2,0,0,0,0,0
okeych01,2023,Chris Okey,28,Maj-AL,Los Angeles,2,2,2,0,0,0,0,0,0,0,0,0,0,2,0,0,0,0,0,0,0,0,0,0
wainwad01,2023,Adam Wainwright,41,Maj-NL,St. Louis,2,2,2,0,0,0,0,0,0,0,0,0,0,1,0,0,0,0,0,0,0,0,0,0
culbech01,2023,Charlie Culberson,34,Maj-NL,Atlanta,1,1,1,0,1,1,0,0,0,0,0,0,0,0,0,0,0,0,0,0,1,1,1,2
castidi02,2023,Diego Castillo,25,Maj-NL,Arizona,1,1,1,0,0,0,0,0,0,0,0,0,0,0,0,0,0,0,0,0,0,0,0,0
fulmemi01,2023,Michael Fulmer,30,Maj-NL,Chicago,1,1,1,0,0,0,0,0,0,0,0,0,0,1,0,0,0,0,0,0,0,0,0,0
mccoyma01,2023,Mason McCoy,28,Maj-AL,Toronto,6,1,1,2,0,0,0,0,0,0,0,0,0,1,0,0,0,0,0,0,0,0,0,0
millesh01,2023,Shelby Miller,32,Maj-NL,Los Angeles,1,1,1,0,0,0,0,0,0,0,0,0,0,0,0,0,0,0,0,0,0,0,0,0
sborzjo01,2023,Josh Sborz,29,Maj-AL,Texas,1,1,1,0,0,0,0,0,0,0,0,0,0,1,0,0,0,0,0,0,0,0,0,0
seaglch01,2023,Chandler Seagle,27,Maj-NL,San Diego,1,1,1,0,0,0,0,0,0,0,0,0,0,0,0,0,0,0,0,0,0,0,0,0
crawfku01,2023,Kutter Crawford,27,Maj-AL,Boston,1,0,0,1,0,0,0,0,0,0,0,0,0,0,0,0,0,0,0,0,NA,NA,NA,NA
kolozma01,2023,Mark Kolozsvary,27,Maj-AL,Baltimore,1,0,0,0,0,0,0,0,0,0,0,0,0,0,0,0,0,0,0,0,NA,NA,NA,NA
rodrijo09,2023,José Rodriguez,22,Maj-AL,Chicago,1,0,0,1,0,0,0,0,0,0,0,0,0,0,0,0,0,0,0,0,NA,NA,NA,NA
solakni01,2023,Nick Solak,28,"Maj-AL,Maj-NL","Atlanta,Detroit",2,0,0,1,0,0,0,0,0,0,0,0,0,0,0,0,0,0,0,0,NA,NA,NA,NA
